customerID,gender,SeniorCitizen,Partner,Dependents,tenure,PhoneService,MultipleLines,InternetService,OnlineSecurity,OnlineBackup,DeviceProtection,TechSupport,StreamingTV,StreamingMovies,Contract,PaperlessBilling,PaymentMethod,MonthlyCharges,TotalCharges,Churn,predicted_churn
7590-VHVEG,Female,0,Yes,No,1,No,No phone service,DSL,No,Yes,No,No,No,No,Month-to-month,Yes,Electronic check,29.85,29.85,No,Yes
1452-KIOVK,Male,0,No,Yes,22,Yes,Yes,Fiber optic,No,Yes,No,No,Yes,No,Month-to-month,Yes,Credit card (automatic),89.1,1949.4,No,Yes
4183-MYFRB,Female,0,No,No,21,Yes,No,Fiber optic,No,Yes,Yes,No,No,Yes,Month-to-month,Yes,Electronic check,90.05,1862.9,No,Yes
4929-XIHVW,Male,1,Yes,No,2,Yes,No,Fiber optic,No,No,Yes,No,Yes,Yes,Month-to-month,Yes,Credit card (automatic),95.5,181.65,No,Yes
8012-SOUDQ,Female,1,No,No,43,Yes,Yes,Fiber optic,No,Yes,No,No,Yes,No,Month-to-month,Yes,Electronic check,90.25,3838.75,No,Yes
0434-CSFON,Female,0,Yes,No,47,Yes,Yes,Fiber optic,No,No,Yes,No,Yes,Yes,Month-to-month,Yes,Electronic check,100.5,4707.1,No,Yes
4445-ZJNMU,Male,0,No,No,9,Yes,Yes,Fiber optic,No,Yes,No,No,Yes,Yes,Month-to-month,Yes,Credit card (automatic),99.3,918.75,No,Yes
2424-WVHPL,Male,1,No,No,1,Yes,No,Fiber optic,No,No,No,Yes,No,No,Month-to-month,No,Electronic check,74.7,74.7,No,Yes
2876-GZYZC,Female,0,No,No,13,Yes,Yes,Fiber optic,No,No,No,No,No,Yes,Month-to-month,Yes,Electronic check,85.95,1215.65,No,Yes
6551-GNYDG,Female,0,Yes,Yes,14,Yes,No,Fiber optic,No,No,No,No,No,Yes,Month-to-month,Yes,Bank transfer (automatic),80.9,1152.8,No,Yes
9167-APMXZ,Female,0,No,No,22,Yes,Yes,Fiber optic,No,No,No,No,Yes,No,Month-to-month,Yes,Bank transfer (automatic),84.15,1821.95,No,Yes
4482-EWFMI,Female,0,No,No,2,Yes,No,Fiber optic,No,No,No,No,No,No,Month-to-month,Yes,Electronic check,69.7,135.2,No,Yes
5947-SGKCL,Female,0,Yes,Yes,15,Yes,Yes,Fiber optic,No,Yes,Yes,No,Yes,Yes,Month-to-month,Yes,Bank transfer (automatic),105.35,1559.25,No,Yes
7018-WBJNK,Male,0,No,Yes,13,Yes,No,Fiber optic,No,No,No,No,Yes,No,Month-to-month,Yes,Credit card (automatic),78.3,1033.95,No,Yes
4195-NZGTA,Female,0,No,No,1,No,No phone service,DSL,No,No,No,No,No,No,Month-to-month,No,Electronic check,25.25,25.25,No,Yes
2504-DSHIH,Male,1,Yes,No,23,Yes,Yes,Fiber optic,No,No,No,No,No,Yes,Month-to-month,No,Electronic check,86.8,1975.85,No,Yes
6496-JDSSB,Female,0,No,No,8,Yes,No,Fiber optic,No,No,No,No,Yes,No,Month-to-month,Yes,Bank transfer (automatic),80.0,624.6,No,Yes
9903-LYSAB,Male,0,Yes,No,18,Yes,Yes,Fiber optic,No,No,No,No,No,No,Month-to-month,Yes,Electronic check,73.15,1305.95,No,Yes
0221-WMXNQ,Male,1,No,No,4,Yes,No,Fiber optic,Yes,No,No,No,No,No,Month-to-month,No,Electronic check,75.35,273.4,No,Yes
3197-ARFOY,Female,1,No,No,19,Yes,No,Fiber optic,Yes,Yes,No,Yes,Yes,Yes,Month-to-month,Yes,Mailed check,105.0,2007.25,No,Yes
4716-HHKQH,Male,1,Yes,No,20,Yes,Yes,Fiber optic,No,Yes,No,Yes,Yes,Yes,Month-to-month,No,Electronic check,107.05,2172.05,No,Yes
4847-TAJYI,Female,1,No,No,6,Yes,No,Fiber optic,No,No,No,No,Yes,Yes,Month-to-month,Yes,Electronic check,89.35,567.8,No,Yes
6851-WEFYX,Male,1,Yes,No,35,Yes,Yes,Fiber optic,No,No,Yes,No,Yes,Yes,Month-to-month,Yes,Electronic check,100.8,3437.5,No,Yes
8266-VBFQL,Male,0,No,No,4,Yes,No,Fiber optic,No,No,Yes,Yes,No,Yes,Month-to-month,Yes,Electronic check,90.4,356.65,No,Yes
3167-SNQPL,Male,1,Yes,Yes,38,Yes,Yes,Fiber optic,No,Yes,No,No,Yes,Yes,Month-to-month,No,Electronic check,101.15,3741.85,No,Yes
2799-ARNLO,Female,1,Yes,No,5,Yes,No,Fiber optic,No,No,No,No,No,No,Month-to-month,Yes,Electronic check,69.35,341.6,No,Yes
5701-YVSVF,Female,1,Yes,No,11,Yes,No,Fiber optic,No,No,No,Yes,Yes,No,Month-to-month,Yes,Electronic check,82.9,880.05,No,Yes
2739-CACDQ,Female,1,No,No,17,Yes,Yes,Fiber optic,No,No,Yes,No,No,No,Month-to-month,Yes,Credit card (automatic),82.65,1470.05,No,Yes
7982-VCELR,Female,0,No,No,36,Yes,No,Fiber optic,No,Yes,No,No,Yes,Yes,Month-to-month,Yes,Credit card (automatic),94.8,3565.65,No,Yes
0021-IKXGC,Female,1,No,No,1,Yes,Yes,Fiber optic,No,No,No,No,No,No,Month-to-month,Yes,Electronic check,72.1,72.1,No,Yes
6243-OZGFH,Female,0,No,No,23,No,No phone service,DSL,No,No,No,No,Yes,Yes,Month-to-month,Yes,Electronic check,44.95,996.85,No,Yes
4115-NZRKS,Female,1,No,No,7,Yes,No,Fiber optic,No,No,No,No,Yes,Yes,Month-to-month,Yes,Electronic check,89.15,574.35,No,Yes
6862-CQUMB,Male,0,No,No,37,Yes,No,Fiber optic,No,Yes,No,No,Yes,Yes,Month-to-month,Yes,Credit card (automatic),96.1,3646.8,No,Yes
3597-MVHJT,Female,0,No,No,27,Yes,Yes,Fiber optic,No,No,No,No,Yes,Yes,Month-to-month,Yes,Bank transfer (automatic),95.6,2595.25,No,Yes
0224-RLWWD,Female,1,No,No,2,Yes,No,DSL,No,No,No,No,No,No,Month-to-month,Yes,Electronic check,44.3,89.3,No,Yes
3951-NJCVI,Female,1,Yes,No,42,Yes,Yes,Fiber optic,No,No,No,No,Yes,Yes,Month-to-month,Yes,Electronic check,95.05,3944.5,No,Yes
0111-KLBQG,Male,1,Yes,Yes,32,Yes,No,Fiber optic,No,Yes,No,No,Yes,Yes,Month-to-month,Yes,Mailed check,93.95,2861.45,No,Yes
5605-IYGFG,Female,0,No,No,7,Yes,No,Fiber optic,No,No,No,No,No,No,Month-to-month,Yes,Bank transfer (automatic),69.85,515.45,No,Yes
8734-DKSTZ,Female,0,Yes,Yes,10,Yes,Yes,Fiber optic,No,No,No,No,No,Yes,Month-to-month,No,Electronic check,85.95,858.6,No,Yes
4360-PNRQB,Male,0,No,No,18,Yes,Yes,Fiber optic,No,No,No,No,No,No,Month-to-month,Yes,Bank transfer (automatic),75.6,1395.05,No,Yes
0771-WLCLA,Female,0,Yes,Yes,16,Yes,Yes,Fiber optic,Yes,No,Yes,Yes,Yes,Yes,Month-to-month,Yes,Electronic check,112.95,1882.55,No,Yes
5168-MSWXT,Male,0,Yes,Yes,8,Yes,No,Fiber optic,No,No,Yes,No,Yes,Yes,Month-to-month,Yes,Electronic check,94.75,759.55,No,Yes
8313-NDOIA,Female,0,No,No,24,Yes,Yes,Fiber optic,No,Yes,Yes,No,Yes,Yes,Month-to-month,Yes,Electronic check,104.15,2494.65,No,Yes
1452-VOQCH,Male,0,No,No,1,Yes,Yes,Fiber optic,No,No,No,No,No,No,Month-to-month,Yes,Electronic check,75.1,75.1,No,Yes
1304-BCCFO,Male,0,Yes,No,9,Yes,No,DSL,No,No,Yes,No,Yes,Yes,Month-to-month,Yes,Mailed check,70.05,564.4,No,Yes
4612-SSVHJ,Female,1,No,No,20,Yes,No,Fiber optic,No,No,No,No,No,Yes,Month-to-month,Yes,Electronic check,81.45,1671.6,No,Yes
9094-AZPHK,Female,0,No,No,15,Yes,Yes,Fiber optic,No,Yes,No,No,Yes,Yes,Month-to-month,Yes,Electronic check,100.15,1415,No,Yes
8981-FJGLA,Male,0,No,Yes,11,Yes,Yes,Fiber optic,No,No,Yes,No,No,No,Month-to-month,Yes,Mailed check,78.0,851.8,No,Yes
6705-LXORM,Female,1,Yes,No,5,Yes,No,Fiber optic,No,No,No,No,No,No,Month-to-month,No,Electronic check,70.05,302.6,No,Yes
4234-XTNEA,Male,0,No,No,2,Yes,No,Fiber optic,No,No,No,No,Yes,No,Month-to-month,Yes,Electronic check,79.95,174.45,No,Yes
5348-CAGXB,Male,0,No,No,12,Yes,Yes,Fiber optic,No,No,Yes,No,Yes,No,Month-to-month,Yes,Electronic check,89.55,1021.75,No,Yes
6030-REHUX,Female,1,Yes,No,28,Yes,Yes,Fiber optic,No,Yes,Yes,Yes,Yes,Yes,Month-to-month,Yes,Electronic check,110.85,3204.4,No,Yes
8270-RKSAP,Male,0,No,No,9,Yes,No,Fiber optic,No,No,No,No,No,No,Month-to-month,Yes,Electronic check,70.5,597.9,No,Yes
4059-IIEBK,Female,0,No,No,7,Yes,Yes,Fiber optic,No,Yes,No,No,No,No,Month-to-month,Yes,Bank transfer (automatic),78.55,522.95,No,Yes
4881-JVQOD,Male,1,Yes,Yes,10,No,No phone service,DSL,No,No,No,No,No,Yes,Month-to-month,Yes,Bank transfer (automatic),34.55,362.6,No,Yes
3003-CMDUU,Female,0,Yes,No,25,Yes,No,Fiber optic,No,No,No,Yes,Yes,Yes,Month-to-month,Yes,Electronic check,95.15,2395.7,No,Yes
5183-SNMJQ,Male,0,No,No,10,Yes,No,Fiber optic,No,No,No,Yes,Yes,Yes,Month-to-month,Yes,Credit card (automatic),95.1,865.1,No,Yes
2800-VEQXM,Female,0,No,No,3,Yes,No,Fiber optic,No,No,Yes,No,No,No,Month-to-month,Yes,Mailed check,74.75,238.1,No,Yes
5760-IFJOZ,Male,0,No,No,3,Yes,Yes,Fiber optic,No,Yes,Yes,No,Yes,Yes,Month-to-month,No,Mailed check,107.95,313.6,No,Yes
8040-MNRTF,Female,0,No,No,1,Yes,No,Fiber optic,No,No,No,No,No,No,Month-to-month,No,Mailed check,71.1,71.1,No,Yes
1766-GKNMI,Male,0,No,No,29,Yes,Yes,Fiber optic,No,No,No,No,No,Yes,Month-to-month,Yes,Electronic check,84.9,2516.2,No,Yes
9944-AEXBM,Male,0,No,No,32,Yes,Yes,Fiber optic,No,No,No,No,No,Yes,Month-to-month,Yes,Bank transfer (automatic),85.65,2664.3,No,Yes
6786-OBWQR,Female,0,Yes,Yes,5,Yes,No,Fiber optic,No,No,No,No,Yes,No,Month-to-month,Yes,Electronic check,80.85,356.1,No,Yes
1173-NOEYG,Female,0,Yes,No,27,Yes,Yes,Fiber optic,No,No,Yes,No,No,Yes,Month-to-month,No,Bank transfer (automatic),90.15,2423.4,No,Yes
6923-JHPMP,Female,0,No,No,2,Yes,No,Fiber optic,Yes,No,Yes,No,No,No,Month-to-month,Yes,Electronic check,80.45,137.1,No,Yes
3966-HRMZA,Female,1,No,No,3,Yes,No,Fiber optic,No,No,Yes,No,No,No,Month-to-month,No,Mailed check,75.05,202.9,No,Yes
0139-IVFJG,Female,0,Yes,No,2,Yes,No,Fiber optic,Yes,Yes,No,No,Yes,No,Month-to-month,No,Electronic check,90.35,190.5,No,Yes
4718-DHSMV,Female,0,No,No,11,No,No phone service,DSL,No,No,No,No,Yes,No,Month-to-month,Yes,Mailed check,35.8,363.15,No,Yes
4257-GAESD,Female,0,No,No,6,No,No phone service,DSL,No,No,No,No,Yes,Yes,Month-to-month,No,Credit card (automatic),45.0,298.7,No,Yes
3196-NVXLZ,Female,0,No,No,25,Yes,Yes,Fiber optic,No,No,No,No,Yes,No,Month-to-month,Yes,Mailed check,84.6,2088.05,No,Yes
3050-GBUSH,Female,0,No,No,3,No,No phone service,DSL,No,No,No,No,Yes,No,Month-to-month,Yes,Credit card (automatic),34.8,113.95,No,Yes
2123-AGEEN,Female,1,No,No,7,Yes,No,Fiber optic,No,No,Yes,No,Yes,No,Month-to-month,Yes,Electronic check,84.35,609.65,No,Yes
6259-WJQLC,Male,1,No,No,32,Yes,Yes,Fiber optic,No,No,Yes,No,No,No,Month-to-month,Yes,Credit card (automatic),81.1,2619.25,No,Yes
7508-SMHXL,Female,1,No,No,15,Yes,Yes,Fiber optic,No,Yes,No,No,Yes,No,Month-to-month,No,Credit card (automatic),89.0,1288.3,No,Yes
6103-BOCOU,Female,0,No,No,26,Yes,Yes,Fiber optic,No,No,Yes,No,No,No,Month-to-month,Yes,Electronic check,80.7,2193,No,Yes
4301-VVZKA,Male,0,Yes,No,16,Yes,Yes,Fiber optic,No,No,No,No,No,No,Month-to-month,Yes,Electronic check,75.4,1189.4,No,Yes
6630-UJZMY,Female,1,Yes,No,4,Yes,Yes,Fiber optic,No,No,No,No,Yes,No,Month-to-month,Yes,Electronic check,83.25,308.05,No,Yes
7567-ECMCM,Male,0,No,No,24,Yes,No,Fiber optic,No,No,No,No,No,Yes,Month-to-month,Yes,Credit card (automatic),79.85,2001,No,Yes
9904-EHEVJ,Female,1,Yes,Yes,32,Yes,Yes,Fiber optic,No,No,Yes,No,Yes,No,Month-to-month,Yes,Mailed check,91.35,2896.55,No,Yes
8584-KMVXD,Female,0,No,No,8,Yes,No,Fiber optic,No,Yes,No,No,No,No,Month-to-month,No,Electronic check,75.6,535.55,No,Yes
5382-SOYZL,Male,0,No,No,22,Yes,Yes,Fiber optic,No,No,No,No,Yes,Yes,Month-to-month,Yes,Electronic check,95.1,2162.6,No,Yes
5879-SESNB,Female,0,No,No,11,Yes,Yes,Fiber optic,No,No,No,No,No,No,Month-to-month,No,Electronic check,75.25,888.65,No,Yes
8120-JDCAM,Male,0,Yes,Yes,4,Yes,No,Fiber optic,No,No,No,No,No,No,Month-to-month,Yes,Mailed check,69.55,284.9,No,Yes
7426-RHZGU,Male,0,No,No,9,Yes,No,Fiber optic,No,No,No,Yes,Yes,Yes,Month-to-month,Yes,Bank transfer (automatic),95.9,827.45,No,Yes
3748-FVMZZ,Male,0,No,No,4,No,No phone service,DSL,No,No,No,Yes,No,Yes,Month-to-month,Yes,Electronic check,40.05,162.45,No,Yes
8242-SOQUO,Female,1,No,No,5,Yes,No,Fiber optic,No,Yes,No,No,Yes,No,Month-to-month,Yes,Electronic check,84.7,392.5,No,Yes
4581-LNWUM,Female,0,No,No,13,No,No phone service,DSL,No,No,Yes,No,Yes,Yes,Month-to-month,No,Electronic check,49.15,649.4,No,Yes
0455-XFASS,Female,0,Yes,Yes,3,Yes,No,Fiber optic,No,No,No,No,No,No,Month-to-month,Yes,Electronic check,69.55,200.2,No,Yes
1751-NCDLI,Male,1,Yes,No,46,Yes,Yes,Fiber optic,No,No,Yes,No,Yes,Yes,Month-to-month,Yes,Electronic check,98.85,4564.9,No,Yes
4546-FOKWR,Female,0,No,No,16,Yes,Yes,Fiber optic,No,No,No,No,No,No,Month-to-month,Yes,Credit card (automatic),74.75,1129.35,No,Yes
7439-DKZTW,Male,0,No,No,1,Yes,No,Fiber optic,No,No,No,No,Yes,No,Month-to-month,Yes,Electronic check,80.55,80.55,No,Yes
7363-QTBIW,Female,0,Yes,No,9,Yes,No,Fiber optic,No,No,No,No,No,Yes,Month-to-month,Yes,Electronic check,79.75,769.1,No,Yes
3312-UUMZW,Male,0,Yes,No,32,Yes,Yes,Fiber optic,No,Yes,No,No,Yes,Yes,Month-to-month,Yes,Credit card (automatic),98.85,3145.9,No,Yes
2460-NGXBJ,Male,1,Yes,Yes,11,Yes,Yes,Fiber optic,No,No,No,No,No,No,Month-to-month,Yes,Credit card (automatic),75.2,775.3,No,Yes
0411-EZJZE,Female,0,No,No,3,Yes,Yes,DSL,No,No,No,No,Yes,No,Month-to-month,Yes,Electronic check,60.25,170.5,No,Yes
6242-MBHPK,Female,1,Yes,No,23,Yes,No,Fiber optic,Yes,No,No,No,Yes,Yes,Month-to-month,Yes,Electronic check,95.1,2326.05,No,Yes
1641-RQDAY,Female,1,Yes,Yes,32,Yes,Yes,Fiber optic,No,Yes,No,No,Yes,Yes,Month-to-month,Yes,Electronic check,100.4,3217.65,No,Yes
1346-UFHAX,Female,0,No,No,13,Yes,Yes,Fiber optic,Yes,No,No,No,No,No,Month-to-month,Yes,Credit card (automatic),80.0,1029.35,No,Yes
3916-NRPAP,Male,0,No,No,3,Yes,No,Fiber optic,No,No,Yes,No,No,Yes,Month-to-month,No,Credit card (automatic),85.7,256.75,No,Yes
6077-BDPXA,Female,0,No,No,3,Yes,No,Fiber optic,No,No,No,No,No,No,Month-to-month,Yes,Electronic check,70.15,194.2,No,Yes
4291-SHSBH,Male,0,No,No,7,Yes,No,Fiber optic,No,No,No,No,No,No,Month-to-month,Yes,Electronic check,69.55,521.35,No,Yes
6507-ZJSUR,Male,1,Yes,No,23,Yes,No,Fiber optic,No,No,No,No,Yes,Yes,Month-to-month,Yes,Electronic check,90.45,2117.25,No,Yes
1251-STYSZ,Female,1,No,No,4,Yes,Yes,Fiber optic,Yes,No,No,No,No,No,Month-to-month,Yes,Electronic check,80.25,303.7,No,Yes
6260-ONULR,Male,0,No,No,1,Yes,No,DSL,No,No,No,No,Yes,Yes,Month-to-month,Yes,Mailed check,62.8,62.8,No,Yes
6729-GDNGC,Female,1,No,No,20,Yes,No,Fiber optic,No,No,No,No,Yes,No,Month-to-month,No,Bank transfer (automatic),80.7,1614.2,No,Yes
6198-ZFIOJ,Female,0,No,No,5,Yes,Yes,Fiber optic,No,No,No,No,No,No,Month-to-month,No,Electronic check,75.6,402.5,No,Yes
7537-RBWEA,Female,0,No,No,1,No,No phone service,DSL,No,No,No,No,No,No,Month-to-month,Yes,Mailed check,25.15,25.15,No,Yes
0196-JTUQI,Female,0,No,No,9,Yes,Yes,Fiber optic,No,No,No,No,No,No,Month-to-month,Yes,Credit card (automatic),75.2,633.85,No,Yes
9793-WECQC,Male,0,No,No,23,Yes,No,Fiber optic,No,Yes,No,No,Yes,Yes,Month-to-month,No,Mailed check,95.3,2192.9,No,Yes
3717-OEAUQ,Male,0,No,No,2,Yes,No,Fiber optic,No,No,No,No,No,No,Month-to-month,No,Mailed check,70.7,129.2,No,Yes
8714-CTZJW,Female,0,No,No,4,Yes,No,Fiber optic,No,No,Yes,No,No,Yes,Month-to-month,Yes,Credit card (automatic),82.85,319.6,No,Yes
2373-NTKOD,Male,0,No,No,8,Yes,No,DSL,No,No,No,No,Yes,Yes,Month-to-month,Yes,Electronic check,66.25,546.45,No,Yes
2692-BUCFV,Male,1,No,No,29,Yes,No,Fiber optic,No,Yes,Yes,No,Yes,Yes,Month-to-month,Yes,Bank transfer (automatic),101.45,2948.6,No,Yes
3211-AAPKX,Male,0,No,No,20,Yes,Yes,Fiber optic,No,No,No,Yes,Yes,Yes,Month-to-month,Yes,Mailed check,98.55,2031.95,No,Yes
5899-OUVKV,Male,0,No,No,31,Yes,No,Fiber optic,No,Yes,No,No,Yes,Yes,Month-to-month,Yes,Electronic check,94.5,2979.2,No,Yes
1866-OBPNR,Male,0,Yes,Yes,1,Yes,No,Fiber optic,No,Yes,No,No,No,No,Month-to-month,No,Credit card (automatic),74.6,74.6,No,Yes
9290-SHCMB,Female,1,No,No,13,Yes,No,Fiber optic,No,No,Yes,No,Yes,Yes,Month-to-month,Yes,Electronic check,96.85,1235.55,No,Yes
1769-GRUIK,Female,0,No,No,18,Yes,No,Fiber optic,No,No,No,No,No,No,Month-to-month,Yes,Electronic check,71.1,1247.75,No,Yes
2811-POVEX,Female,1,Yes,Yes,23,Yes,No,Fiber optic,No,Yes,Yes,No,No,Yes,Month-to-month,Yes,Bank transfer (automatic),88.45,2130.55,No,Yes
9314-IJWSQ,Female,0,Yes,Yes,14,Yes,Yes,Fiber optic,No,No,No,No,Yes,No,Month-to-month,Yes,Electronic check,84.8,1203.9,No,Yes
6198-RTPMF,Female,0,Yes,No,17,Yes,Yes,Fiber optic,No,No,No,No,Yes,Yes,Month-to-month,No,Electronic check,92.6,1579.7,No,Yes
2984-AFWNC,Female,0,No,No,3,Yes,No,Fiber optic,No,Yes,No,No,Yes,Yes,Month-to-month,No,Electronic check,95.4,293.15,No,Yes
9957-YODKZ,Male,1,Yes,No,6,Yes,Yes,Fiber optic,No,No,Yes,No,No,No,Month-to-month,Yes,Electronic check,80.8,457.1,No,Yes
3223-DWFIO,Male,1,No,No,4,Yes,No,Fiber optic,No,No,No,No,No,No,Month-to-month,No,Electronic check,69.35,261.65,No,Yes
1436-ZMJAN,Female,0,Yes,No,10,Yes,No,DSL,No,No,Yes,No,Yes,Yes,Month-to-month,Yes,Credit card (automatic),67.8,653.15,No,Yes
3292-PBZEJ,Male,1,No,No,11,Yes,Yes,Fiber optic,No,Yes,Yes,Yes,Yes,Yes,Month-to-month,Yes,Electronic check,111.4,1183.05,No,Yes
7351-KYHQH,Female,1,No,No,7,Yes,No,DSL,No,Yes,Yes,No,Yes,No,Month-to-month,Yes,Electronic check,64.95,493.65,No,Yes
7321-VGNKU,Female,0,Yes,No,2,Yes,No,Fiber optic,No,No,No,No,No,No,Month-to-month,Yes,Electronic check,70.35,120.25,No,Yes
5035-BVCXS,Male,0,No,No,11,Yes,No,Fiber optic,No,Yes,No,No,No,No,Month-to-month,Yes,Mailed check,75.9,866.4,No,Yes
6267-DCFFZ,Female,1,Yes,No,30,Yes,Yes,Fiber optic,No,Yes,No,No,Yes,No,Month-to-month,Yes,Electronic check,90.05,2627.2,No,Yes
2439-LYPMQ,Male,1,Yes,No,38,Yes,Yes,Fiber optic,No,Yes,Yes,No,Yes,Yes,Month-to-month,Yes,Electronic check,102.6,4009.2,No,Yes
1219-NNDDO,Female,0,No,No,9,Yes,Yes,Fiber optic,No,No,No,No,No,No,Month-to-month,Yes,Electronic check,76.85,663.55,No,Yes
5405-ZMYXQ,Female,0,No,No,8,Yes,Yes,Fiber optic,No,No,No,No,No,No,Month-to-month,Yes,Credit card (automatic),74.6,548.9,No,Yes
0793-TWELN,Female,0,No,No,4,Yes,Yes,Fiber optic,Yes,No,No,No,No,No,Month-to-month,Yes,Electronic check,80.15,319.85,No,Yes
9365-SRSZE,Male,1,Yes,No,27,Yes,No,Fiber optic,No,No,No,No,No,No,Month-to-month,Yes,Electronic check,70.55,1943.9,No,Yes
4854-CIDCF,Female,1,No,No,3,Yes,No,Fiber optic,No,No,Yes,No,No,No,Month-to-month,No,Electronic check,73.85,196.4,No,Yes
6435-SRWBJ,Female,0,No,No,5,Yes,Yes,Fiber optic,No,No,Yes,Yes,No,No,Month-to-month,Yes,Electronic check,82.75,417.75,No,Yes
2081-VEYEH,Male,0,No,No,3,Yes,No,Fiber optic,No,Yes,Yes,Yes,Yes,Yes,Month-to-month,Yes,Electronic check,107.95,318.6,No,Yes
6407-UTSLV,Female,1,No,No,2,Yes,No,Fiber optic,No,Yes,No,No,Yes,No,Month-to-month,Yes,Bank transfer (automatic),83.8,163.7,No,Yes
7398-SKNQZ,Female,0,Yes,No,3,Yes,Yes,Fiber optic,No,No,No,No,Yes,Yes,Month-to-month,No,Electronic check,94.9,273.2,No,Yes
5935-FCCNB,Female,1,No,No,17,Yes,Yes,Fiber optic,No,No,No,No,Yes,Yes,Month-to-month,Yes,Electronic check,94.2,1608.15,No,Yes
5091-HFAZW,Female,0,No,No,2,Yes,No,Fiber optic,Yes,Yes,No,No,Yes,No,Month-to-month,Yes,Electronic check,91.15,168.5,No,Yes
2070-XYMFH,Female,1,No,No,23,Yes,Yes,Fiber optic,No,No,Yes,No,No,No,Month-to-month,Yes,Mailed check,79.35,1835.3,No,Yes
3030-YDNRM,Male,0,No,No,8,Yes,Yes,Fiber optic,No,No,No,No,No,No,Month-to-month,Yes,Electronic check,74.85,572.45,No,Yes
1636-NTNCO,Male,1,No,No,4,No,No phone service,DSL,No,Yes,No,No,Yes,Yes,Month-to-month,Yes,Credit card (automatic),50.95,207.35,No,Yes
8563-OYMQY,Male,0,No,No,17,Yes,No,Fiber optic,No,Yes,Yes,No,No,Yes,Month-to-month,Yes,Credit card (automatic),90.95,1612.2,No,Yes
3318-NMQXL,Male,0,No,No,3,Yes,No,Fiber optic,No,No,No,No,Yes,Yes,Month-to-month,Yes,Electronic check,92.0,266.8,No,Yes
1845-CSBRZ,Female,1,Yes,Yes,22,Yes,Yes,Fiber optic,No,No,No,No,Yes,No,Month-to-month,No,Bank transfer (automatic),85.35,1961.6,No,Yes
2018-QKYGT,Male,0,Yes,Yes,1,Yes,No,Fiber optic,No,No,No,No,No,Yes,Month-to-month,Yes,Electronic check,81.05,81.05,No,Yes
5692-ICXLW,Male,1,No,No,31,Yes,Yes,Fiber optic,No,Yes,No,No,Yes,No,Month-to-month,Yes,Electronic check,90.7,2845.15,No,Yes
1960-UYCNN,Male,0,No,No,10,Yes,Yes,Fiber optic,No,Yes,Yes,No,No,Yes,Month-to-month,Yes,Electronic check,95.25,1021.55,No,Yes
3365-SAIGS,Female,0,No,No,17,Yes,No,Fiber optic,No,Yes,No,No,Yes,No,Month-to-month,Yes,Electronic check,83.55,1329.15,No,Yes
7020-OZKXZ,Female,1,No,No,9,Yes,No,Fiber optic,No,No,Yes,No,No,No,Month-to-month,No,Credit card (automatic),75.5,637.4,No,Yes
5989-PGKJB,Female,0,No,No,16,Yes,No,Fiber optic,No,Yes,No,No,No,Yes,Month-to-month,Yes,Electronic check,86.25,1340.1,No,Yes
8775-ERLNB,Male,1,Yes,No,1,Yes,Yes,Fiber optic,No,No,No,No,No,No,Month-to-month,No,Electronic check,74.3,74.3,No,Yes
8309-IEYJD,Female,1,No,No,1,Yes,No,Fiber optic,No,No,No,No,No,No,Month-to-month,Yes,Mailed check,70.6,70.6,No,Yes
6557-BZXLQ,Male,1,No,No,16,Yes,No,Fiber optic,No,No,No,No,No,No,Month-to-month,No,Electronic check,69.65,1043.3,No,Yes
7901-TBKJX,Male,1,No,No,56,Yes,Yes,Fiber optic,No,No,Yes,No,Yes,Yes,Month-to-month,Yes,Electronic check,101.05,5594,No,Yes
8087-LGYHQ,Male,0,No,No,9,Yes,No,Fiber optic,No,No,Yes,No,Yes,Yes,Month-to-month,Yes,Electronic check,94.05,811.65,No,Yes
4137-BTIKL,Male,0,No,No,2,Yes,Yes,Fiber optic,Yes,No,No,No,No,Yes,Month-to-month,No,Mailed check,90.75,174.75,No,Yes
2911-WDXMV,Male,0,No,Yes,18,Yes,Yes,Fiber optic,No,No,Yes,No,No,No,Month-to-month,Yes,Credit card (automatic),80.55,1406.65,No,Yes
7206-PQBBZ,Male,1,Yes,No,11,Yes,No,Fiber optic,No,No,No,No,No,No,Month-to-month,Yes,Electronic check,70.2,834.7,No,Yes
7422-WNBTY,Male,0,Yes,No,33,Yes,Yes,Fiber optic,No,Yes,Yes,No,No,Yes,Month-to-month,Yes,Electronic check,93.35,3092,No,Yes
9779-DPNEJ,Female,0,Yes,Yes,22,Yes,No,Fiber optic,No,No,No,No,No,Yes,Month-to-month,Yes,Electronic check,80.15,1790.65,No,Yes
1379-FRVEB,Male,0,No,Yes,15,Yes,Yes,Fiber optic,No,Yes,No,No,Yes,No,Month-to-month,Yes,Electronic check,91.0,1430.05,No,Yes
8160-HOWOX,Female,0,No,No,7,Yes,No,DSL,No,No,No,No,Yes,Yes,Month-to-month,Yes,Electronic check,66.85,458.1,No,Yes
5628-FCGYG,Male,0,No,No,21,Yes,Yes,Fiber optic,No,No,No,No,No,Yes,Month-to-month,Yes,Electronic check,84.1,1737.45,No,Yes
0248-IPDFW,Female,0,No,No,1,Yes,Yes,DSL,No,No,No,No,No,No,Month-to-month,Yes,Electronic check,50.1,50.1,No,Yes
6635-CPNUN,Male,0,Yes,No,28,Yes,Yes,Fiber optic,No,Yes,Yes,No,Yes,No,Month-to-month,No,Credit card (automatic),96.6,2684.35,No,Yes
2038-OEQZH,Male,0,No,No,4,Yes,No,Fiber optic,No,No,Yes,No,No,Yes,Month-to-month,No,Electronic check,86.05,308.1,No,Yes
1302-UHBDD,Male,1,No,No,20,Yes,No,Fiber optic,No,No,No,No,Yes,Yes,Month-to-month,No,Electronic check,89.95,1648.45,No,Yes
8378-LKJAF,Male,0,Yes,Yes,38,Yes,Yes,Fiber optic,No,No,Yes,No,Yes,Yes,Month-to-month,Yes,Credit card (automatic),101.15,3956.7,No,Yes
3496-LFSZU,Male,0,Yes,No,4,Yes,No,Fiber optic,No,No,No,No,No,No,Month-to-month,No,Electronic check,70.5,294.2,No,Yes
3420-ZDBMA,Male,1,No,No,5,Yes,No,Fiber optic,No,No,No,No,No,No,Month-to-month,Yes,Mailed check,71.45,371.6,No,Yes
1393-IMKZG,Female,0,No,No,1,Yes,No,Fiber optic,No,No,No,Yes,Yes,Yes,Month-to-month,Yes,Electronic check,95.85,95.85,No,Yes
0093-EXYQL,Female,1,No,No,40,Yes,No,Fiber optic,No,No,No,No,Yes,Yes,Month-to-month,Yes,Electronic check,91.55,3673.6,No,Yes
2754-SDJRD,Female,1,No,No,8,Yes,Yes,Fiber optic,No,No,No,Yes,Yes,Yes,Month-to-month,Yes,Credit card (automatic),100.15,908.55,No,Yes
2135-DQWAQ,Female,0,No,No,5,Yes,No,Fiber optic,No,Yes,No,No,Yes,No,Month-to-month,Yes,Mailed check,85.3,420.45,No,Yes
4813-HQMGZ,Female,0,Yes,No,8,Yes,Yes,Fiber optic,No,No,No,Yes,No,Yes,Month-to-month,Yes,Electronic check,90.25,743.75,No,Yes
7245-NIIWQ,Female,0,No,No,3,Yes,No,Fiber optic,No,No,No,No,No,No,Month-to-month,Yes,Electronic check,69.85,199.85,No,Yes
7928-VJYAB,Male,0,Yes,Yes,11,Yes,No,Fiber optic,No,No,No,No,Yes,Yes,Month-to-month,No,Electronic check,90.6,1020.2,No,Yes
0869-PAPRP,Female,1,Yes,No,26,Yes,No,Fiber optic,No,No,Yes,No,Yes,No,Month-to-month,Yes,Credit card (automatic),85.7,2067,No,Yes
4238-JSSWH,Female,1,Yes,No,35,Yes,Yes,Fiber optic,No,No,Yes,No,Yes,Yes,Month-to-month,No,Bank transfer (automatic),102.05,3452.55,No,Yes
9121-PHQSR,Male,1,Yes,No,16,Yes,Yes,Fiber optic,No,No,No,No,Yes,No,Month-to-month,Yes,Credit card (automatic),85.05,1391.15,No,Yes
8739-XNIKG,Female,0,No,No,5,Yes,Yes,Fiber optic,No,No,No,No,Yes,No,Month-to-month,Yes,Electronic check,84.0,424.75,No,Yes
2789-HQBOU,Male,0,No,No,3,Yes,No,Fiber optic,No,No,No,No,No,Yes,Month-to-month,Yes,Electronic check,80.35,253.8,No,Yes
4559-UWIHT,Male,0,Yes,No,14,Yes,Yes,Fiber optic,No,Yes,Yes,No,No,No,Month-to-month,Yes,Electronic check,82.65,1185,No,Yes
7268-IGMFD,Male,1,No,No,18,Yes,Yes,Fiber optic,No,No,Yes,Yes,Yes,No,Month-to-month,No,Bank transfer (automatic),93.9,1743.9,No,Yes
2573-GYRUU,Male,1,Yes,No,48,Yes,Yes,Fiber optic,No,No,Yes,No,No,Yes,Month-to-month,Yes,Credit card (automatic),91.05,4370.75,No,Yes
6734-GMPVK,Male,0,No,No,5,Yes,Yes,Fiber optic,No,Yes,Yes,No,Yes,Yes,Month-to-month,No,Electronic check,105.3,550.6,No,Yes
9822-OAOVB,Female,0,No,No,1,Yes,No,DSL,No,No,No,No,No,Yes,Month-to-month,Yes,Electronic check,55.45,55.45,No,Yes
7318-EIVKO,Male,0,No,No,8,Yes,Yes,DSL,No,No,No,No,Yes,No,Month-to-month,Yes,Electronic check,59.25,436.6,No,Yes
3771-PZOBW,Male,0,No,No,20,Yes,Yes,Fiber optic,No,No,Yes,No,Yes,No,Month-to-month,Yes,Credit card (automatic),90.7,1781.35,No,Yes
7389-KBFIT,Female,0,Yes,Yes,2,No,No phone service,DSL,No,Yes,No,No,No,No,Month-to-month,Yes,Mailed check,30.25,63.75,No,Yes
7176-WIONM,Female,0,Yes,No,12,No,No phone service,DSL,No,No,Yes,No,Yes,Yes,Month-to-month,Yes,Bank transfer (automatic),49.85,617.15,No,Yes
0141-YEAYS,Female,1,No,No,27,Yes,Yes,Fiber optic,No,Yes,Yes,No,No,No,Month-to-month,Yes,Bank transfer (automatic),86.45,2401.05,No,Yes
9603-OAIHC,Male,1,No,No,1,Yes,No,Fiber optic,No,No,No,No,No,No,Month-to-month,Yes,Electronic check,70.05,70.05,No,Yes
9050-IKDZA,Female,1,No,No,2,Yes,No,Fiber optic,No,No,No,No,Yes,No,Month-to-month,No,Mailed check,81.5,162.55,No,Yes
1475-VWVDO,Male,0,No,No,7,Yes,No,Fiber optic,No,No,Yes,No,No,No,Month-to-month,Yes,Electronic check,74.9,490.55,No,Yes
1197-BVMVG,Female,1,No,No,4,Yes,Yes,Fiber optic,No,No,No,No,No,No,Month-to-month,Yes,Electronic check,74.45,294.45,No,Yes
7994-UYIVZ,Male,0,Yes,No,8,Yes,Yes,Fiber optic,No,No,No,No,No,Yes,Month-to-month,Yes,Bank transfer (automatic),85.65,659.45,No,Yes
5630-IXDXV,Female,0,No,No,47,Yes,Yes,Fiber optic,No,Yes,Yes,No,Yes,Yes,Month-to-month,Yes,Electronic check,106.35,4849.1,No,Yes
1212-GLHMD,Male,0,No,No,3,Yes,No,Fiber optic,Yes,No,No,No,No,Yes,Month-to-month,Yes,Mailed check,86.05,244.85,No,Yes
8622-ZLFKO,Female,0,Yes,No,6,Yes,Yes,Fiber optic,No,Yes,No,No,No,Yes,Month-to-month,Yes,Electronic check,90.75,512.25,No,Yes
0447-RXSGD,Male,0,No,No,24,Yes,Yes,Fiber optic,No,Yes,No,No,Yes,Yes,Month-to-month,Yes,Bank transfer (automatic),99.65,2404.85,No,Yes
4927-WWOOZ,Male,0,Yes,No,2,Yes,Yes,Fiber optic,No,No,Yes,No,Yes,No,Month-to-month,Yes,Electronic check,91.45,171.45,No,Yes
0722-SVSFK,Female,0,No,No,7,Yes,No,Fiber optic,No,No,Yes,Yes,Yes,Yes,Month-to-month,Yes,Electronic check,100.4,715,No,Yes
9796-BPKIW,Male,1,No,No,8,Yes,No,Fiber optic,No,No,No,No,No,No,Month-to-month,Yes,Credit card (automatic),69.95,562.7,No,Yes
7748-UMTRK,Female,1,No,Yes,30,Yes,Yes,Fiber optic,No,No,No,Yes,Yes,Yes,Month-to-month,Yes,Electronic check,101.3,2974.5,No,Yes
7145-FEJWU,Female,0,No,Yes,12,Yes,Yes,Fiber optic,No,Yes,Yes,No,Yes,Yes,Month-to-month,Yes,Electronic check,105.3,1275.65,No,Yes
8325-QRPZR,Female,0,No,No,7,Yes,No,Fiber optic,No,No,Yes,No,No,No,Month-to-month,Yes,Electronic check,75.15,525,No,Yes
2262-SLNVK,Female,0,No,No,1,Yes,No,Fiber optic,No,No,No,No,No,No,Month-to-month,No,Electronic check,70.1,70.1,No,Yes
6481-ESCNL,Female,0,No,No,29,Yes,Yes,Fiber optic,No,No,Yes,No,Yes,Yes,Month-to-month,No,Bank transfer (automatic),100.55,2878.75,No,Yes
3518-PZXZQ,Female,0,Yes,No,1,Yes,No,DSL,No,No,No,No,Yes,No,Month-to-month,Yes,Mailed check,55.3,55.3,No,Yes
9506-UXUSK,Male,0,No,No,13,Yes,No,Fiber optic,No,No,No,No,No,No,Month-to-month,Yes,Electronic check,70.15,931.75,No,Yes
5533-NHFRF,Male,1,No,No,7,No,No phone service,DSL,No,Yes,No,Yes,No,Yes,Month-to-month,Yes,Electronic check,44.4,265.8,No,Yes
0581-MDMPW,Female,0,No,No,24,Yes,Yes,Fiber optic,No,No,Yes,No,Yes,No,Month-to-month,Yes,Credit card (automatic),88.95,2072.75,No,Yes
3904-UKFRE,Male,0,No,No,4,Yes,Yes,Fiber optic,Yes,No,No,No,No,No,Month-to-month,Yes,Electronic check,80.1,336.15,No,Yes
6645-MXQJT,Male,0,Yes,Yes,2,Yes,No,Fiber optic,Yes,No,No,No,Yes,Yes,Month-to-month,No,Electronic check,97.1,184.15,No,Yes
9093-FPDLG,Female,0,No,No,11,Yes,No,Fiber optic,No,Yes,Yes,Yes,No,Yes,Month-to-month,Yes,Electronic check,94.2,999.9,No,Yes
2740-TVLFN,Male,0,No,No,1,Yes,Yes,DSL,No,No,No,No,No,No,Month-to-month,Yes,Electronic check,50.15,50.15,No,Yes
7517-LDMPS,Female,0,No,No,12,Yes,No,Fiber optic,No,Yes,No,No,No,Yes,Month-to-month,Yes,Electronic check,84.6,1017.35,No,Yes
5226-NOZFC,Male,0,No,No,26,Yes,No,Fiber optic,No,Yes,No,No,Yes,No,Month-to-month,Yes,Electronic check,85.75,2146.5,No,Yes
0428-IKYCP,Male,0,Yes,No,22,Yes,No,Fiber optic,No,No,Yes,No,Yes,No,Month-to-month,Yes,Bank transfer (automatic),87.0,1850.65,No,Yes
2187-PKZAY,Male,0,No,No,12,Yes,No,Fiber optic,No,No,No,No,No,Yes,Month-to-month,Yes,Bank transfer (automatic),79.95,1043.4,No,Yes
6652-YFFJO,Female,0,No,No,11,Yes,No,DSL,No,No,No,No,Yes,Yes,Month-to-month,Yes,Electronic check,64.9,716.1,No,Yes
1658-TJVOA,Female,1,No,No,6,Yes,No,Fiber optic,Yes,No,No,No,No,No,Month-to-month,Yes,Electronic check,74.1,450.9,No,Yes
0674-DGMAQ,Male,1,Yes,No,32,Yes,Yes,Fiber optic,No,Yes,Yes,No,No,Yes,Month-to-month,Yes,Electronic check,93.5,2970.8,No,Yes
2761-XECQW,Male,1,Yes,No,8,No,No phone service,DSL,No,Yes,Yes,No,No,Yes,Month-to-month,Yes,Mailed check,43.35,371.4,No,Yes
5542-TBBWB,Male,0,No,No,1,Yes,No,Fiber optic,No,No,No,No,No,No,Month-to-month,Yes,Electronic check,69.9,69.9,No,Yes
8059-UDZFY,Female,1,No,Yes,33,Yes,Yes,Fiber optic,No,Yes,Yes,No,Yes,Yes,Month-to-month,Yes,Bank transfer (automatic),105.35,3465.05,No,Yes
3352-ALMCK,Male,0,No,No,40,Yes,Yes,Fiber optic,No,Yes,Yes,No,Yes,Yes,Month-to-month,Yes,Mailed check,102.65,4108.15,No,Yes
2674-MIAHT,Female,0,No,No,4,Yes,Yes,Fiber optic,No,Yes,No,No,No,No,Month-to-month,Yes,Mailed check,80.3,324.2,No,Yes
8648-PFRMP,Female,1,No,No,14,No,No phone service,DSL,No,No,No,No,Yes,Yes,Month-to-month,Yes,Electronic check,46.35,672.7,No,Yes
0258-NOKBL,Male,0,No,No,3,Yes,No,Fiber optic,No,Yes,Yes,No,No,Yes,Month-to-month,No,Electronic check,90.4,268.45,No,Yes
4770-UEZOX,Male,0,No,No,2,Yes,No,Fiber optic,No,Yes,No,No,No,No,Month-to-month,Yes,Electronic check,74.75,144.8,No,Yes
5857-TYBCJ,Male,1,Yes,No,44,Yes,Yes,Fiber optic,No,No,Yes,No,Yes,No,Month-to-month,Yes,Electronic check,89.2,4040.2,No,Yes
7924-GJZFI,Female,1,Yes,No,25,Yes,No,Fiber optic,No,No,No,No,No,No,Month-to-month,Yes,Electronic check,69.3,1813.1,No,Yes
1666-JXLKU,Female,0,No,No,37,Yes,Yes,Fiber optic,No,No,Yes,No,Yes,Yes,Month-to-month,Yes,Electronic check,100.05,3810.55,No,Yes
5652-MSDEY,Female,0,No,No,10,Yes,Yes,Fiber optic,No,No,No,No,No,No,Month-to-month,Yes,Mailed check,75.75,777.3,No,Yes
3853-LYGAM,Male,0,No,No,17,Yes,Yes,Fiber optic,No,No,Yes,Yes,No,Yes,Month-to-month,Yes,Bank transfer (automatic),95.65,1640,No,Yes
0315-LVCRK,Male,0,No,No,11,Yes,No,Fiber optic,No,No,Yes,No,No,Yes,Month-to-month,No,Electronic check,84.8,888.75,No,Yes
6860-YRJZP,Male,1,No,No,9,Yes,Yes,Fiber optic,No,No,No,No,No,No,Month-to-month,Yes,Electronic check,74.05,678.45,No,Yes
0396-YCHWO,Male,0,Yes,No,36,Yes,Yes,Fiber optic,No,No,No,No,Yes,Yes,Month-to-month,Yes,Electronic check,95.4,3474.2,No,Yes
6692-YQHXC,Male,0,No,No,16,Yes,No,Fiber optic,No,No,No,No,No,No,Month-to-month,Yes,Credit card (automatic),69.95,1205.5,No,Yes
2468-SJFLM,Male,0,No,No,1,Yes,No,Fiber optic,No,No,No,Yes,No,No,Month-to-month,Yes,Mailed check,74.3,74.3,No,Yes
8903-WMRNW,Female,0,Yes,No,15,Yes,No,Fiber optic,Yes,No,Yes,No,Yes,Yes,Month-to-month,No,Electronic check,101.75,1669.4,No,Yes
0581-BXBUB,Female,1,No,No,4,Yes,No,Fiber optic,No,Yes,No,No,No,No,Month-to-month,No,Electronic check,72.75,317.75,No,Yes
5150-ITWWB,Male,1,No,No,3,Yes,Yes,Fiber optic,No,No,No,No,Yes,Yes,Month-to-month,Yes,Electronic check,94.85,335.75,No,Yes
2603-HVKCG,Male,0,No,No,31,Yes,No,Fiber optic,No,Yes,Yes,No,Yes,Yes,Month-to-month,Yes,Electronic check,101.4,3143.65,No,Yes
7636-OWBPG,Male,1,No,No,12,No,No phone service,DSL,No,Yes,No,No,No,No,Month-to-month,Yes,Credit card (automatic),29.35,381.2,No,Yes
5501-TVMGM,Male,0,No,No,1,Yes,No,DSL,No,No,No,No,No,Yes,Month-to-month,Yes,Electronic check,55.25,55.25,No,Yes
0928-JMXNP,Male,1,Yes,No,4,No,No phone service,DSL,No,No,Yes,No,No,No,Month-to-month,Yes,Electronic check,29.9,118.25,No,Yes
3629-ZNKXA,Male,1,No,No,17,Yes,No,Fiber optic,No,Yes,Yes,No,Yes,Yes,Month-to-month,Yes,Electronic check,101.8,1752.45,No,Yes
5482-VXSXJ,Male,0,No,No,22,Yes,No,Fiber optic,No,Yes,No,No,Yes,Yes,Month-to-month,Yes,Mailed check,93.2,2157.3,No,Yes
7365-BVCJH,Male,0,No,No,1,No,No phone service,DSL,No,No,No,No,No,No,Month-to-month,Yes,Electronic check,24.4,24.4,No,Yes
9620-ENEJV,Female,0,No,No,6,Yes,No,Fiber optic,No,No,No,No,No,No,Month-to-month,No,Credit card (automatic),70.55,433.95,No,Yes
6818-DJXAA,Female,0,No,Yes,10,Yes,No,Fiber optic,No,No,Yes,Yes,Yes,No,Month-to-month,Yes,Electronic check,91.1,964.35,No,Yes
4132-KALRO,Female,0,No,No,4,Yes,Yes,Fiber optic,No,No,No,Yes,Yes,Yes,Month-to-month,Yes,Mailed check,100.85,399.25,No,Yes
7284-BUYEC,Female,0,No,No,5,No,No phone service,DSL,No,Yes,No,No,Yes,Yes,Month-to-month,Yes,Credit card (automatic),50.95,229.4,No,Yes
2041-JIJCI,Female,0,No,No,5,Yes,Yes,DSL,No,Yes,No,No,No,Yes,Month-to-month,Yes,Electronic check,64.0,370.25,No,Yes
5144-TVGLP,Male,1,No,No,38,Yes,Yes,Fiber optic,No,No,No,No,Yes,Yes,Month-to-month,No,Electronic check,94.75,3653,No,Yes
5043-TRZWM,Female,0,No,No,1,Yes,No,Fiber optic,No,No,Yes,No,No,No,Month-to-month,No,Electronic check,75.55,75.55,No,Yes
1640-PLFMP,Female,0,No,No,1,Yes,No,Fiber optic,No,No,No,No,No,No,Month-to-month,Yes,Electronic check,70.25,70.25,No,Yes
0840-DFEZH,Female,0,No,No,7,Yes,Yes,Fiber optic,No,No,No,No,No,No,Month-to-month,Yes,Electronic check,75.35,564.65,No,Yes
2545-EBUPK,Female,1,No,No,2,Yes,Yes,Fiber optic,No,No,No,No,No,Yes,Month-to-month,Yes,Electronic check,84.05,186.05,No,Yes
4536-PLEQY,Male,0,Yes,No,12,Yes,No,Fiber optic,No,Yes,No,No,No,Yes,Month-to-month,Yes,Credit card (automatic),85.05,999.8,No,Yes
9617-INGJY,Male,0,No,No,1,Yes,No,Fiber optic,No,No,No,No,No,No,Month-to-month,Yes,Mailed check,70.6,70.6,No,Yes
5950-AAAGJ,Male,0,No,No,18,Yes,Yes,Fiber optic,No,No,No,No,Yes,No,Month-to-month,No,Bank transfer (automatic),84.3,1537.9,No,Yes
5294-DMSFH,Female,0,Yes,Yes,29,Yes,No,Fiber optic,No,No,No,No,Yes,Yes,Month-to-month,Yes,Credit card (automatic),87.8,2621.75,No,Yes
9919-KNPOO,Female,0,Yes,No,21,Yes,Yes,Fiber optic,No,No,No,No,Yes,Yes,Month-to-month,Yes,Electronic check,94.3,1948.35,No,Yes
4450-DLLMH,Male,0,No,No,2,Yes,No,Fiber optic,No,No,No,No,No,No,Month-to-month,Yes,Credit card (automatic),71.3,157.75,No,Yes
9402-ORRAH,Female,1,No,No,15,Yes,No,Fiber optic,No,No,No,No,Yes,Yes,Month-to-month,Yes,Electronic check,91.5,1400.3,No,Yes
7801-KICAO,Female,0,No,No,18,Yes,Yes,Fiber optic,No,No,No,No,No,No,Month-to-month,Yes,Electronic check,74.15,1345.75,No,Yes
9799-CAYJJ,Female,1,Yes,No,2,Yes,No,Fiber optic,No,No,No,No,No,No,Month-to-month,Yes,Electronic check,69.3,153.8,No,Yes
3199-XGZCY,Female,0,No,No,8,Yes,Yes,Fiber optic,No,No,No,No,No,No,Month-to-month,Yes,Electronic check,75.25,576.7,No,Yes
5019-GQVCR,Male,1,No,No,43,Yes,Yes,Fiber optic,No,No,No,No,Yes,No,Month-to-month,Yes,Electronic check,84.85,3645.6,No,Yes
2880-FPNAE,Male,1,Yes,No,2,Yes,No,Fiber optic,No,No,Yes,No,No,No,Month-to-month,Yes,Electronic check,74.2,140.1,No,Yes
2254-DLXRI,Female,0,No,No,1,Yes,Yes,Fiber optic,No,Yes,No,No,No,No,Month-to-month,Yes,Mailed check,79.15,79.15,No,Yes
1077-HUUJM,Female,0,No,Yes,7,Yes,No,Fiber optic,No,No,No,No,No,No,Month-to-month,Yes,Electronic check,71.05,472.65,No,Yes
6741-EGCBI,Male,1,No,No,30,Yes,Yes,Fiber optic,Yes,No,No,No,No,Yes,Month-to-month,Yes,Credit card (automatic),90.5,2595.85,No,Yes
1730-ZMAME,Female,1,No,No,32,Yes,No,Fiber optic,No,No,No,No,No,Yes,Month-to-month,Yes,Electronic check,79.5,2665,No,Yes
6357-JJPQT,Female,0,No,No,3,Yes,No,Fiber optic,No,No,No,No,Yes,No,Month-to-month,Yes,Electronic check,80.5,232.35,No,Yes
7011-CVEUC,Male,0,Yes,No,25,Yes,No,Fiber optic,No,No,No,Yes,Yes,Yes,Month-to-month,Yes,Credit card (automatic),95.7,2338.35,No,Yes
0491-KAPQG,Male,0,No,No,21,Yes,Yes,Fiber optic,No,No,No,No,No,No,Month-to-month,Yes,Electronic check,73.7,1558.7,No,Yes
2203-GHNWN,Female,0,Yes,No,24,Yes,Yes,Fiber optic,No,No,Yes,No,No,No,Month-to-month,Yes,Mailed check,79.65,1928.7,No,Yes
3878-AVSOQ,Female,1,No,No,1,Yes,No,Fiber optic,No,No,No,No,No,No,Month-to-month,Yes,Electronic check,71.25,71.25,No,Yes
2107-FBPTK,Female,1,No,No,30,Yes,Yes,Fiber optic,No,Yes,Yes,No,Yes,Yes,Month-to-month,Yes,Electronic check,104.1,3121.1,No,Yes
1016-DJTSV,Male,1,No,No,8,Yes,No,Fiber optic,No,No,No,No,No,No,Month-to-month,Yes,Electronic check,69.7,572.85,No,Yes
4633-MKHYU,Female,0,No,No,9,Yes,No,Fiber optic,No,No,No,No,Yes,Yes,Month-to-month,Yes,Mailed check,88.4,788.6,No,Yes
6088-BXMRG,Female,0,Yes,Yes,32,Yes,Yes,Fiber optic,No,Yes,No,No,Yes,Yes,Month-to-month,Yes,Electronic check,98.85,3089.6,No,Yes
5288-AHOUP,Male,1,No,No,11,Yes,No,Fiber optic,No,No,No,No,No,Yes,Month-to-month,Yes,Electronic check,78.5,874.2,No,Yes
2897-DOVND,Male,0,No,No,2,Yes,No,Fiber optic,No,No,No,No,No,No,Month-to-month,Yes,Electronic check,69.8,146.65,No,Yes
3489-HHPFY,Female,0,Yes,No,2,Yes,Yes,Fiber optic,No,No,No,No,Yes,No,Month-to-month,Yes,Electronic check,84.05,134.05,No,Yes
0508-OOLTO,Female,0,Yes,Yes,2,Yes,No,Fiber optic,No,No,No,No,No,No,Month-to-month,Yes,Electronic check,71.65,135.75,No,Yes
8617-ENBDS,Male,0,No,No,3,Yes,No,Fiber optic,No,No,Yes,No,No,No,Month-to-month,Yes,Credit card (automatic),73.6,232.5,No,Yes
8800-JOOCF,Female,0,No,Yes,12,Yes,Yes,Fiber optic,No,No,No,No,Yes,No,Month-to-month,Yes,Electronic check,84.05,966.55,No,Yes
3453-RTHJQ,Male,0,No,No,6,Yes,No,Fiber optic,No,No,No,No,No,No,Month-to-month,Yes,Electronic check,69.1,435,No,Yes
1508-DFXCU,Male,0,No,No,12,Yes,No,Fiber optic,No,No,No,No,Yes,No,Month-to-month,Yes,Electronic check,81.45,912,No,Yes
9773-PEQBZ,Male,0,No,No,10,Yes,Yes,Fiber optic,No,Yes,No,No,No,No,Month-to-month,No,Electronic check,79.85,797.25,No,Yes
0650-BWOZN,Female,1,No,No,18,Yes,No,Fiber optic,No,Yes,No,No,No,No,Month-to-month,Yes,Electronic check,73.55,1359.45,No,Yes
6137-NICCO,Female,0,Yes,Yes,6,Yes,Yes,Fiber optic,No,Yes,Yes,No,Yes,No,Month-to-month,Yes,Mailed check,94.05,518.75,No,Yes
7714-YXSMB,Female,0,No,No,26,Yes,Yes,Fiber optic,No,No,Yes,No,Yes,Yes,Month-to-month,Yes,Bank transfer (automatic),100.5,2599.95,No,Yes
1194-HVAIF,Female,0,Yes,No,27,Yes,Yes,Fiber optic,No,No,No,No,Yes,Yes,Month-to-month,No,Credit card (automatic),95.0,2462.55,No,Yes
0365-BZUWY,Male,0,Yes,No,17,Yes,Yes,Fiber optic,No,Yes,Yes,No,Yes,Yes,Month-to-month,Yes,Electronic check,102.55,1742.5,No,Yes
2018-PZKMU,Male,0,Yes,Yes,9,Yes,No,Fiber optic,No,No,Yes,Yes,Yes,Yes,Month-to-month,No,Electronic check,103.1,970.45,No,Yes
7392-YYPYJ,Male,0,No,No,22,Yes,Yes,Fiber optic,No,Yes,No,No,Yes,Yes,Month-to-month,Yes,Electronic check,100.65,2415.95,No,Yes
8104-OSKWT,Female,0,No,No,12,Yes,Yes,Fiber optic,Yes,No,No,No,No,No,Month-to-month,Yes,Electronic check,79.8,1001.2,No,Yes
4521-YEEHE,Female,0,Yes,No,18,Yes,Yes,Fiber optic,No,No,No,Yes,Yes,No,Month-to-month,Yes,Electronic check,88.85,1594.75,No,Yes
4090-KPJIP,Female,0,No,No,3,Yes,Yes,Fiber optic,No,No,No,No,No,No,Month-to-month,Yes,Electronic check,74.95,212.4,No,Yes
5600-KTXFM,Male,0,Yes,Yes,2,Yes,No,Fiber optic,No,No,No,No,No,No,Month-to-month,No,Mailed check,69.95,143.9,No,Yes
4647-MUZON,Female,0,Yes,No,18,Yes,No,Fiber optic,No,No,Yes,No,Yes,Yes,Month-to-month,Yes,Credit card (automatic),95.95,1745.5,No,Yes
7225-CBZPL,Male,1,Yes,No,17,Yes,Yes,Fiber optic,No,No,No,No,Yes,Yes,Month-to-month,Yes,Electronic check,94.8,1563.9,No,Yes
2920-RNCEZ,Male,0,Yes,Yes,1,Yes,No,Fiber optic,No,No,No,No,No,No,Month-to-month,Yes,Credit card (automatic),69.95,69.95,No,Yes
0432-CAJZV,Male,0,No,No,3,Yes,No,Fiber optic,No,No,No,No,Yes,Yes,Month-to-month,No,Mailed check,90.7,237.65,No,Yes
1200-TUZHR,Female,1,No,No,8,Yes,Yes,Fiber optic,No,No,No,No,No,Yes,Month-to-month,No,Electronic check,85.2,695.75,No,Yes
6986-IXNDM,Male,0,No,No,14,Yes,No,Fiber optic,No,No,No,No,Yes,Yes,Month-to-month,Yes,Electronic check,92.9,1337.45,No,Yes
0420-HLGXF,Female,1,No,No,39,Yes,Yes,Fiber optic,No,No,Yes,No,Yes,Yes,Month-to-month,Yes,Electronic check,99.75,4036,No,Yes
8161-QYMTT,Male,0,No,No,7,Yes,Yes,Fiber optic,No,No,No,No,Yes,Yes,Month-to-month,Yes,Electronic check,94.1,701.3,No,Yes
2688-BHGOG,Male,1,No,No,9,Yes,No,Fiber optic,No,No,No,No,No,Yes,Month-to-month,Yes,Electronic check,79.55,718.55,No,Yes
0916-QOFDP,Female,1,Yes,Yes,14,Yes,Yes,Fiber optic,No,No,No,No,Yes,Yes,Month-to-month,Yes,Electronic check,95.8,1346.3,No,Yes
5606-AMZBO,Female,0,Yes,No,10,Yes,Yes,Fiber optic,Yes,No,No,No,No,No,Month-to-month,Yes,Credit card (automatic),78.15,765.15,No,Yes
3452-GWUIN,Female,1,Yes,No,19,Yes,Yes,Fiber optic,No,No,No,No,Yes,Yes,Month-to-month,Yes,Electronic check,94.95,1760.25,No,Yes
7278-CKDNC,Male,1,No,No,24,Yes,Yes,Fiber optic,No,Yes,No,No,No,No,Month-to-month,Yes,Electronic check,80.5,2088.45,No,Yes
7181-OQCUT,Male,0,No,No,21,Yes,Yes,Fiber optic,Yes,No,Yes,No,Yes,Yes,Month-to-month,No,Mailed check,103.85,2215,No,Yes
0187-QSXOE,Male,1,Yes,No,7,Yes,No,Fiber optic,No,No,No,No,Yes,Yes,Month-to-month,Yes,Electronic check,89.0,605.45,No,Yes
9741-YLNTD,Male,0,No,No,6,Yes,Yes,Fiber optic,No,No,No,Yes,No,Yes,Month-to-month,Yes,Bank transfer (automatic),87.95,522.35,No,Yes
7858-GTZSP,Female,0,No,No,12,Yes,Yes,Fiber optic,No,No,No,No,No,Yes,Month-to-month,Yes,Electronic check,86.55,1066.9,No,Yes
8224-DWCKX,Male,1,No,No,12,Yes,Yes,Fiber optic,No,No,No,No,No,No,Month-to-month,Yes,Credit card (automatic),73.3,828.05,No,Yes
5934-RMPOV,Female,0,No,Yes,22,Yes,Yes,Fiber optic,No,No,No,No,No,Yes,Month-to-month,Yes,Electronic check,84.75,1816.75,No,Yes
4395-PZMSN,Male,1,No,No,5,Yes,No,Fiber optic,No,Yes,No,No,No,Yes,Month-to-month,Yes,Electronic check,85.55,408.5,No,Yes
8107-KNCIM,Male,1,Yes,No,14,Yes,Yes,Fiber optic,No,No,No,No,No,No,Month-to-month,Yes,Electronic check,75.1,1013.35,No,Yes
4029-HPFVY,Male,0,No,No,3,Yes,No,Fiber optic,No,No,No,No,No,No,Month-to-month,Yes,Mailed check,70.3,220.4,No,Yes
9054-FOWNV,Male,0,Yes,Yes,22,Yes,Yes,Fiber optic,No,No,Yes,No,Yes,No,Month-to-month,Yes,Electronic check,88.75,1885.15,No,Yes
8818-DOPVL,Female,1,No,No,46,Yes,Yes,Fiber optic,No,Yes,Yes,No,Yes,Yes,Month-to-month,Yes,Electronic check,104.45,4863.85,No,Yes
7044-YAACC,Male,1,Yes,No,4,Yes,No,Fiber optic,No,No,No,No,No,No,Month-to-month,Yes,Electronic check,70.2,280.35,No,Yes
8189-XRIKE,Female,1,No,No,32,Yes,No,Fiber optic,No,No,No,No,Yes,Yes,Month-to-month,No,Electronic check,90.95,2897.95,No,Yes
4123-DVHPH,Male,0,Yes,No,9,Yes,Yes,Fiber optic,Yes,No,No,No,No,Yes,Month-to-month,Yes,Electronic check,88.05,801.3,No,Yes
2582-FFFZR,Female,0,No,No,22,No,No phone service,DSL,No,No,Yes,No,Yes,Yes,Month-to-month,Yes,Electronic check,50.6,1073.3,No,Yes
5599-HVLTW,Female,1,No,No,14,Yes,Yes,Fiber optic,No,No,Yes,No,No,No,Month-to-month,Yes,Bank transfer (automatic),80.35,1058.1,No,Yes
7394-LWLYN,Female,0,No,No,2,Yes,No,Fiber optic,No,No,No,No,No,No,Month-to-month,Yes,Electronic check,70.15,123.8,No,Yes
0958-YHXGP,Female,0,No,No,7,Yes,No,Fiber optic,No,No,No,No,No,No,Month-to-month,Yes,Mailed check,69.9,497.3,No,Yes
9208-OLGAQ,Female,1,No,No,18,Yes,No,Fiber optic,No,No,Yes,No,No,Yes,Month-to-month,Yes,Electronic check,84.95,1443.65,No,Yes
9133-AYJZG,Female,0,No,No,23,Yes,Yes,Fiber optic,No,Yes,No,No,Yes,Yes,Month-to-month,Yes,Credit card (automatic),98.7,2249.1,No,Yes
8212-CRQXP,Female,0,Yes,No,22,Yes,No,Fiber optic,No,No,No,No,Yes,No,Month-to-month,Yes,Credit card (automatic),80.0,1706.45,No,Yes
1482-OXZSY,Male,0,No,No,30,Yes,Yes,Fiber optic,Yes,No,No,No,Yes,Yes,Month-to-month,Yes,Bank transfer (automatic),100.4,2936.25,No,Yes
1307-ATKGB,Male,0,No,No,24,Yes,No,Fiber optic,No,Yes,Yes,No,No,Yes,Month-to-month,Yes,Electronic check,89.55,2187.15,No,Yes
0848-ZGQIJ,Female,0,Yes,No,16,Yes,No,Fiber optic,No,Yes,No,No,Yes,Yes,Month-to-month,Yes,Bank transfer (automatic),94.65,1461.15,No,Yes
8630-FJLIB,Female,0,No,No,18,Yes,No,Fiber optic,No,No,No,No,No,No,Month-to-month,Yes,Electronic check,69.8,1221.65,No,Yes
4749-OJKQU,Female,0,No,No,4,Yes,Yes,Fiber optic,No,No,No,No,No,No,Month-to-month,Yes,Electronic check,75.65,302.35,No,Yes
5453-AXEPF,Male,0,Yes,No,17,Yes,Yes,Fiber optic,No,Yes,No,No,No,No,Month-to-month,Yes,Bank transfer (automatic),80.5,1336.9,No,Yes
1608-GMEWB,Male,1,No,No,45,Yes,Yes,Fiber optic,No,No,No,No,Yes,Yes,Month-to-month,Yes,Bank transfer (automatic),93.9,4200.25,No,Yes
2665-NPTGL,Female,1,Yes,No,26,Yes,Yes,Fiber optic,No,No,Yes,No,Yes,Yes,Month-to-month,Yes,Bank transfer (automatic),98.1,2510.7,No,Yes
7465-ZZRVX,Male,0,No,No,1,Yes,No,Fiber optic,No,No,No,No,No,No,Month-to-month,Yes,Electronic check,70.35,70.35,No,Yes
0225-ZORZP,Male,0,No,No,3,Yes,No,Fiber optic,No,Yes,No,No,No,Yes,Month-to-month,No,Electronic check,84.3,235.05,No,Yes
3956-MGXOG,Female,0,No,No,28,Yes,No,Fiber optic,No,No,No,No,No,Yes,Month-to-month,Yes,Electronic check,80.6,2244.95,No,Yes
9274-UARKJ,Female,0,No,No,15,Yes,No,Fiber optic,No,Yes,No,No,Yes,No,Month-to-month,Yes,Bank transfer (automatic),83.2,1130,No,Yes
1100-DDVRV,Male,0,Yes,No,17,No,No phone service,DSL,No,Yes,No,No,Yes,Yes,Month-to-month,Yes,Mailed check,49.8,836.35,No,Yes
6350-XFYGW,Male,1,No,No,4,Yes,No,Fiber optic,No,No,Yes,No,Yes,Yes,Month-to-month,Yes,Electronic check,94.75,422.4,No,Yes
4480-QQRHC,Female,1,No,No,8,Yes,No,Fiber optic,No,No,Yes,No,No,No,Month-to-month,Yes,Bank transfer (automatic),74.05,600.15,No,Yes
7402-EYFXX,Male,1,No,No,26,Yes,Yes,Fiber optic,No,No,No,No,Yes,Yes,Month-to-month,Yes,Electronic check,93.6,2404.1,No,Yes
5032-MIYKT,Female,0,No,No,1,Yes,No,Fiber optic,No,No,No,No,No,No,Month-to-month,Yes,Mailed check,70.7,70.7,No,Yes
9717-QEBGU,Male,0,No,No,2,Yes,No,Fiber optic,No,No,No,No,No,No,Month-to-month,Yes,Electronic check,70.3,144,No,Yes
9360-OMDZZ,Male,0,No,No,24,Yes,Yes,Fiber optic,No,No,No,No,Yes,Yes,Month-to-month,Yes,Electronic check,94.1,2322.85,No,Yes
5956-YHHRX,Male,1,No,No,21,Yes,Yes,Fiber optic,No,Yes,Yes,No,Yes,Yes,Month-to-month,Yes,Electronic check,104.35,2271.85,No,Yes
6583-KQJLK,Female,1,Yes,No,15,Yes,No,Fiber optic,No,Yes,No,No,Yes,Yes,Month-to-month,Yes,Electronic check,94.65,1285.05,No,Yes
6116-RFVHN,Female,0,Yes,No,34,Yes,Yes,Fiber optic,No,No,Yes,No,Yes,Yes,Month-to-month,Yes,Electronic check,100.45,3414.65,No,Yes
0018-NYROU,Female,0,Yes,No,5,Yes,No,Fiber optic,No,No,No,No,No,No,Month-to-month,Yes,Electronic check,68.95,351.5,No,Yes
0480-BIXDE,Female,0,Yes,No,19,Yes,No,Fiber optic,No,No,Yes,No,Yes,Yes,Month-to-month,Yes,Electronic check,96.8,1743.05,No,Yes
5895-QSXOD,Male,0,No,No,9,Yes,No,Fiber optic,No,No,No,No,No,No,Month-to-month,No,Mailed check,70.05,657.5,No,Yes
6175-IRFIT,Male,0,No,No,5,Yes,No,Fiber optic,No,No,No,No,No,Yes,Month-to-month,No,Mailed check,78.75,426.35,No,Yes
5216-WASFJ,Female,1,Yes,No,31,Yes,Yes,Fiber optic,No,No,No,No,No,Yes,Month-to-month,Yes,Electronic check,84.85,2633.4,No,Yes
0921-OHLVP,Male,0,No,No,22,Yes,Yes,Fiber optic,No,No,No,No,No,Yes,Month-to-month,No,Electronic check,83.05,1799.3,No,Yes
9058-MJLZC,Female,0,No,No,24,Yes,No,Fiber optic,Yes,No,No,No,Yes,Yes,Month-to-month,Yes,Electronic check,94.6,2283.15,No,Yes
0899-LIIBW,Male,0,Yes,No,34,Yes,Yes,Fiber optic,No,No,Yes,No,Yes,Yes,Month-to-month,No,Electronic check,100.85,3527.3,No,Yes
1384-RCUXW,Male,0,No,No,16,Yes,Yes,Fiber optic,No,Yes,No,No,No,No,Month-to-month,Yes,Mailed check,80.55,1248.9,No,Yes
8875-AKBYH,Male,1,No,No,20,Yes,Yes,Fiber optic,No,No,No,No,Yes,No,Month-to-month,Yes,Electronic check,84.35,1745.2,No,Yes
0114-PEGZZ,Female,0,No,No,33,Yes,Yes,Fiber optic,No,Yes,Yes,No,Yes,Yes,Month-to-month,No,Electronic check,107.55,3645.5,No,Yes
3420-YJLQT,Female,0,No,No,2,Yes,Yes,Fiber optic,No,Yes,No,No,No,No,Month-to-month,No,Electronic check,79.55,151.75,No,Yes
4298-OYIFC,Male,0,Yes,No,15,Yes,Yes,Fiber optic,No,No,Yes,Yes,Yes,Yes,Month-to-month,Yes,Electronic check,103.45,1539.8,No,Yes
3703-KBKZP,Male,1,No,No,16,Yes,Yes,Fiber optic,No,No,No,No,No,No,Month-to-month,Yes,Bank transfer (automatic),74.45,1261.35,No,Yes
5117-IFGPS,Male,1,Yes,No,29,Yes,Yes,Fiber optic,No,No,No,No,No,Yes,Month-to-month,Yes,Electronic check,84.3,2357.75,No,Yes
7379-FNIUJ,Male,0,No,No,2,Yes,No,Fiber optic,Yes,Yes,No,No,Yes,Yes,Month-to-month,No,Electronic check,100.2,198.5,No,Yes
7852-LECYP,Male,1,Yes,No,13,Yes,Yes,Fiber optic,Yes,Yes,No,No,No,Yes,Month-to-month,No,Credit card (automatic),93.8,1261,No,Yes
2694-CIUMO,Female,0,No,No,12,Yes,Yes,Fiber optic,No,No,No,Yes,No,No,Month-to-month,Yes,Credit card (automatic),79.55,958.25,No,Yes
3320-VEOYC,Male,1,No,No,14,Yes,Yes,Fiber optic,No,No,No,No,Yes,Yes,Month-to-month,Yes,Electronic check,95.6,1273.3,No,Yes
7326-RIGQZ,Male,0,Yes,Yes,6,Yes,No,Fiber optic,No,No,No,No,No,No,Month-to-month,Yes,Electronic check,69.8,377.85,No,Yes
8118-TJAFG,Male,0,Yes,Yes,9,Yes,No,Fiber optic,No,Yes,No,Yes,Yes,Yes,Month-to-month,Yes,Electronic check,101.5,906.85,No,Yes
5429-LWCMV,Female,0,No,No,12,Yes,Yes,Fiber optic,No,Yes,No,No,No,Yes,Month-to-month,Yes,Electronic check,89.15,1057.55,No,Yes
4828-FAZPK,Female,0,Yes,Yes,16,Yes,Yes,Fiber optic,No,Yes,No,No,No,No,Month-to-month,Yes,Credit card (automatic),79.95,1267.95,No,Yes
7354-OIJLX,Male,0,No,No,9,Yes,Yes,Fiber optic,No,No,No,No,No,No,Month-to-month,Yes,Electronic check,75.85,724.65,No,Yes
1746-TGTWV,Male,0,Yes,No,1,Yes,No,Fiber optic,No,No,Yes,No,No,No,Month-to-month,No,Credit card (automatic),75.35,75.35,No,Yes
5995-SNNEW,Male,1,Yes,No,23,Yes,Yes,Fiber optic,No,Yes,Yes,No,Yes,Yes,Month-to-month,Yes,Electronic check,104.45,2184.85,No,Yes
8541-QVFKM,Female,0,No,No,8,Yes,Yes,Fiber optic,No,No,No,No,No,No,Month-to-month,Yes,Electronic check,73.5,632.2,No,Yes
6034-YMTOB,Female,0,No,No,5,Yes,No,Fiber optic,No,No,No,Yes,No,No,Month-to-month,Yes,Mailed check,75.65,399.45,No,Yes
4128-ETESU,Female,1,Yes,No,47,Yes,Yes,Fiber optic,No,No,Yes,No,Yes,Yes,Month-to-month,No,Electronic check,99.7,4747.2,No,Yes
0620-DLSLK,Female,0,No,No,13,Yes,No,Fiber optic,No,No,No,No,Yes,No,Month-to-month,Yes,Mailed check,81.9,1028.9,No,Yes
3295-YVUSR,Male,1,No,No,2,Yes,Yes,Fiber optic,No,No,No,No,No,No,Month-to-month,Yes,Mailed check,72.6,154.3,No,Yes
7577-SWIFR,Male,0,No,No,1,Yes,No,Fiber optic,No,No,No,No,Yes,Yes,Month-to-month,Yes,Electronic check,89.25,89.25,No,Yes
1078-TDCRN,Female,1,Yes,No,3,No,No phone service,DSL,No,Yes,No,No,No,No,Month-to-month,Yes,Electronic check,30.75,82.85,No,Yes
3797-FKOGQ,Male,0,No,Yes,11,Yes,Yes,Fiber optic,No,No,No,No,No,Yes,Month-to-month,No,Electronic check,86.2,893.2,No,Yes
5439-WIKXB,Male,1,Yes,No,41,Yes,No,Fiber optic,No,Yes,No,No,Yes,Yes,Month-to-month,Yes,Electronic check,94.55,3851.45,No,Yes
5928-QLDHB,Male,0,No,No,9,Yes,Yes,Fiber optic,No,No,No,No,No,No,Month-to-month,Yes,Electronic check,76.25,684.85,No,Yes
9840-EFJQB,Female,0,No,No,1,Yes,No,Fiber optic,No,Yes,No,No,No,No,Month-to-month,No,Electronic check,74.35,74.35,No,Yes
2080-CAZNM,Female,1,No,No,41,Yes,Yes,Fiber optic,No,Yes,Yes,No,Yes,Yes,Month-to-month,Yes,Electronic check,104.4,4133.95,No,Yes
1028-FFNJK,Male,1,Yes,No,30,Yes,Yes,Fiber optic,No,No,No,Yes,Yes,Yes,Month-to-month,Yes,Electronic check,101.5,2917.65,No,Yes
3001-UNBTL,Male,1,Yes,Yes,29,Yes,Yes,Fiber optic,No,No,Yes,No,Yes,Yes,Month-to-month,Yes,Electronic check,103.95,2964.8,No,Yes
7668-XCFYV,Female,1,Yes,No,17,Yes,Yes,Fiber optic,No,No,No,No,Yes,Yes,Month-to-month,Yes,Electronic check,92.55,1614.7,No,Yes
4060-LDNLU,Male,0,No,No,7,Yes,Yes,Fiber optic,No,No,No,No,Yes,Yes,Month-to-month,No,Electronic check,96.2,639.7,No,Yes
4299-SIMNS,Male,0,No,No,9,Yes,Yes,Fiber optic,Yes,No,No,No,No,No,Month-to-month,Yes,Electronic check,81.15,784.45,No,Yes
3338-CVVEH,Male,0,No,No,12,Yes,Yes,Fiber optic,No,No,No,No,Yes,Yes,Month-to-month,No,Electronic check,94.55,1173.55,No,Yes
5647-FXOTP,Female,1,Yes,No,60,Yes,Yes,Fiber optic,No,Yes,Yes,No,Yes,Yes,Month-to-month,Yes,Electronic check,105.9,6401.25,No,Yes
6078-VESFR,Male,1,Yes,No,13,Yes,No,Fiber optic,No,No,No,No,No,No,Month-to-month,No,Bank transfer (automatic),70.45,849.1,No,Yes
1941-HOSAM,Male,0,Yes,Yes,1,Yes,No,Fiber optic,No,No,No,No,Yes,Yes,Month-to-month,Yes,Electronic check,90.1,90.1,No,Yes
4273-MBHYA,Female,0,No,Yes,1,Yes,No,Fiber optic,No,No,No,No,Yes,Yes,Month-to-month,Yes,Electronic check,89.35,89.35,No,Yes
0112-QAWRZ,Male,0,Yes,Yes,16,Yes,Yes,Fiber optic,No,No,Yes,No,Yes,No,Month-to-month,Yes,Bank transfer (automatic),90.8,1442.2,No,Yes
6833-JMZYP,Female,0,No,No,15,Yes,No,Fiber optic,No,No,Yes,No,Yes,Yes,Month-to-month,Yes,Credit card (automatic),94.0,1505.45,No,Yes
8490-BXHEO,Male,1,No,No,18,Yes,Yes,Fiber optic,No,Yes,No,No,No,No,Month-to-month,Yes,Credit card (automatic),80.55,1411.65,No,Yes
4998-IKFSE,Female,0,No,No,30,Yes,Yes,Fiber optic,No,No,Yes,No,Yes,Yes,Month-to-month,No,Electronic check,100.45,3096.9,No,Yes
1833-TCXKK,Male,0,Yes,No,45,Yes,Yes,Fiber optic,No,Yes,Yes,No,Yes,Yes,Month-to-month,Yes,Bank transfer (automatic),107.75,4882.8,No,Yes
2657-VPXTA,Female,0,Yes,Yes,10,Yes,No,Fiber optic,No,No,No,No,Yes,Yes,Month-to-month,Yes,Electronic check,88.85,929.45,No,Yes
4912-PIGUY,Female,0,No,No,1,Yes,Yes,Fiber optic,No,No,No,No,Yes,No,Month-to-month,Yes,Electronic check,84.6,84.6,No,Yes
8990-ZXLSU,Female,0,No,No,9,Yes,No,Fiber optic,No,No,No,No,No,No,Month-to-month,No,Electronic check,69.05,651.5,No,Yes
6693-FRIRW,Male,0,No,No,18,Yes,No,Fiber optic,No,Yes,Yes,No,Yes,Yes,Month-to-month,No,Credit card (automatic),101.3,1794.65,No,Yes
5044-LRQAQ,Female,0,Yes,No,7,Yes,No,Fiber optic,No,No,No,No,No,No,Month-to-month,Yes,Bank transfer (automatic),69.2,477.55,No,Yes
9279-CJEOJ,Female,1,No,No,21,Yes,Yes,Fiber optic,No,No,No,No,Yes,Yes,Month-to-month,Yes,Bank transfer (automatic),95.4,2025.1,No,Yes
7658-UYUQS,Male,1,Yes,No,21,Yes,No,Fiber optic,No,No,Yes,No,Yes,No,Month-to-month,No,Bank transfer (automatic),86.55,1857.25,No,Yes
6918-UMQCG,Female,0,No,No,5,Yes,No,Fiber optic,No,No,No,No,Yes,No,Month-to-month,No,Electronic check,80.2,384.25,No,Yes
0027-KWYKW,Female,0,Yes,Yes,23,Yes,Yes,Fiber optic,No,No,No,No,Yes,No,Month-to-month,Yes,Electronic check,83.75,1849.95,No,Yes
9432-VOFYX,Male,0,No,No,17,Yes,No,Fiber optic,No,No,No,No,No,No,Month-to-month,Yes,Electronic check,70.8,1207,No,Yes
9334-GWGOW,Male,1,Yes,No,7,Yes,Yes,Fiber optic,No,No,No,No,No,No,Month-to-month,Yes,Electronic check,74.85,485.25,No,Yes
3096-GKWEB,Male,0,Yes,No,18,Yes,Yes,Fiber optic,No,No,No,No,Yes,Yes,Month-to-month,Yes,Electronic check,94.75,1691.9,No,Yes
2371-JQHZZ,Male,0,Yes,No,24,Yes,Yes,Fiber optic,No,No,No,No,Yes,Yes,Month-to-month,Yes,Electronic check,93.0,2248.05,No,Yes
2824-MYYBN,Female,0,Yes,Yes,37,Yes,Yes,Fiber optic,No,No,No,No,Yes,Yes,Month-to-month,Yes,Electronic check,95.25,3314.15,No,Yes
0147-ESWWR,Female,1,Yes,No,39,Yes,Yes,Fiber optic,No,No,No,Yes,Yes,Yes,Month-to-month,Yes,Electronic check,101.25,3949.15,No,Yes
4983-CCWMC,Male,0,No,No,3,Yes,No,Fiber optic,No,No,No,No,No,No,Month-to-month,Yes,Mailed check,69.6,207.4,No,Yes
3841-CONLJ,Female,0,Yes,No,1,No,No phone service,DSL,No,No,No,No,No,Yes,Month-to-month,No,Electronic check,35.0,35,No,Yes
5399-ZIMKF,Male,0,No,No,5,Yes,No,Fiber optic,No,Yes,No,No,No,No,Month-to-month,Yes,Electronic check,74.65,383.65,No,Yes
6719-OXYBR,Male,0,No,No,15,Yes,No,Fiber optic,No,No,Yes,No,Yes,No,Month-to-month,No,Electronic check,85.3,1219.85,No,Yes
0168-XZKBB,Female,0,Yes,No,19,Yes,Yes,Fiber optic,No,No,No,No,Yes,No,Month-to-month,Yes,Electronic check,86.85,1564.4,No,Yes
7072-MBHEV,Female,1,Yes,Yes,11,Yes,Yes,Fiber optic,No,No,Yes,No,No,No,Month-to-month,Yes,Credit card (automatic),78.1,864.85,No,Yes
1580-BMCMR,Male,1,No,No,19,Yes,No,Fiber optic,Yes,No,No,No,No,Yes,Month-to-month,Yes,Electronic check,87.3,1637.3,No,Yes
4686-UXDML,Female,0,No,No,21,Yes,Yes,Fiber optic,No,Yes,No,No,Yes,Yes,Month-to-month,Yes,Credit card (automatic),99.85,1992.55,No,Yes
5937-EORGB,Male,1,Yes,No,15,Yes,Yes,Fiber optic,Yes,No,Yes,No,Yes,No,Month-to-month,Yes,Electronic check,96.5,1392.25,No,Yes
4583-PARNH,Male,1,Yes,No,16,Yes,No,Fiber optic,No,No,Yes,Yes,No,Yes,Month-to-month,Yes,Electronic check,91.55,1540.05,No,Yes
9633-XQABV,Female,0,No,No,3,Yes,No,Fiber optic,No,No,No,No,No,No,Month-to-month,Yes,Electronic check,70.25,229.7,No,Yes
4815-GBTCD,Female,0,Yes,No,4,No,No phone service,DSL,No,No,No,No,No,No,Month-to-month,Yes,Electronic check,25.15,99.95,No,Yes
8695-ARGXZ,Male,1,Yes,No,34,Yes,Yes,Fiber optic,No,No,No,No,No,No,Month-to-month,Yes,Electronic check,75.55,2425.4,No,Yes
8132-YPVBX,Female,0,No,No,6,Yes,No,Fiber optic,No,Yes,No,No,No,Yes,Month-to-month,Yes,Mailed check,85.95,514.6,No,Yes
2969-QWUBZ,Female,0,No,No,2,No,No phone service,DSL,No,Yes,No,No,Yes,Yes,Month-to-month,No,Electronic check,51.4,96.8,No,Yes
2077-MPJQO,Male,1,Yes,No,7,Yes,Yes,Fiber optic,No,No,No,No,No,No,Month-to-month,Yes,Electronic check,75.4,533.05,No,Yes
2905-KFQUV,Female,0,Yes,No,2,Yes,No,Fiber optic,No,No,No,No,No,No,Month-to-month,Yes,Credit card (automatic),70.4,154.8,No,Yes
3370-HXOPH,Female,0,No,No,3,Yes,Yes,Fiber optic,No,No,No,No,No,No,Month-to-month,No,Electronic check,76.1,257.6,No,Yes
1628-BIZYP,Male,0,No,No,1,Yes,No,Fiber optic,No,Yes,No,No,No,Yes,Month-to-month,Yes,Electronic check,85.0,85,No,Yes
9355-NPPFS,Female,1,No,No,26,Yes,No,Fiber optic,No,No,No,No,No,Yes,Month-to-month,Yes,Electronic check,78.8,2006.1,No,Yes
8035-PWSEV,Female,0,No,No,6,Yes,No,Fiber optic,No,No,Yes,Yes,No,Yes,Month-to-month,Yes,Electronic check,89.25,487.05,No,Yes
9971-ZWPBF,Male,1,Yes,Yes,34,Yes,Yes,Fiber optic,No,Yes,Yes,Yes,Yes,Yes,Month-to-month,Yes,Electronic check,108.9,3625.2,No,Yes
2862-PFNIK,Male,0,No,Yes,1,No,No phone service,DSL,No,No,No,No,No,No,Month-to-month,Yes,Electronic check,24.7,24.7,No,Yes
4853-OITSN,Male,0,Yes,No,5,Yes,Yes,Fiber optic,Yes,No,No,No,No,Yes,Month-to-month,Yes,Electronic check,89.15,413.25,No,Yes
0212-ISBBF,Female,0,No,No,22,No,No phone service,DSL,No,Yes,No,No,Yes,Yes,Month-to-month,Yes,Electronic check,50.35,1098.85,No,Yes
5271-DBYSJ,Male,1,No,No,11,Yes,No,Fiber optic,No,No,No,No,No,Yes,Month-to-month,Yes,Credit card (automatic),79.15,827.7,No,Yes
2080-GKCWQ,Male,0,No,No,2,Yes,No,Fiber optic,No,Yes,No,No,No,No,Month-to-month,No,Electronic check,74.95,151.75,No,Yes
3462-BJQQA,Female,0,No,No,6,Yes,Yes,Fiber optic,No,Yes,No,No,Yes,No,Month-to-month,Yes,Electronic check,89.75,552.65,No,Yes
4367-NHWMM,Female,0,No,No,1,No,No phone service,DSL,No,No,No,No,No,No,Month-to-month,Yes,Mailed check,24.9,24.9,No,Yes
2325-NBPZG,Female,0,No,No,3,Yes,No,Fiber optic,Yes,No,No,No,No,No,Month-to-month,Yes,Electronic check,74.55,233.65,No,Yes
1689-YQBYY,Female,0,No,Yes,12,Yes,Yes,Fiber optic,No,No,No,No,No,No,Month-to-month,Yes,Electronic check,76.6,893,No,Yes
2959-FENLU,Female,0,No,No,9,Yes,No,Fiber optic,No,No,Yes,No,No,Yes,Month-to-month,Yes,Credit card (automatic),85.3,781.4,No,Yes
4884-ZTHVF,Female,1,No,No,8,Yes,No,Fiber optic,No,Yes,No,No,Yes,No,Month-to-month,Yes,Electronic check,87.1,713.6,No,Yes
5119-KEPFY,Male,0,Yes,No,36,Yes,Yes,Fiber optic,No,No,No,No,Yes,Yes,Month-to-month,Yes,Bank transfer (automatic),95.0,3440.25,No,Yes
9605-WGJVW,Female,1,No,No,1,Yes,No,Fiber optic,No,No,No,No,No,No,Month-to-month,Yes,Electronic check,70.2,70.2,No,Yes
3317-VLGQT,Female,0,Yes,No,14,Yes,No,Fiber optic,No,No,No,No,No,Yes,Month-to-month,Yes,Electronic check,78.1,1122.4,No,Yes
9638-JIQYA,Male,0,No,No,2,No,No phone service,DSL,No,No,No,No,No,No,Month-to-month,Yes,Credit card (automatic),24.9,49.7,No,Yes
2322-VCZHZ,Male,1,Yes,No,23,Yes,No,Fiber optic,Yes,Yes,No,No,No,Yes,Month-to-month,Yes,Electronic check,90.0,2024.1,No,Yes
3427-GGZZI,Female,0,Yes,No,19,Yes,Yes,Fiber optic,No,Yes,No,No,No,Yes,Month-to-month,Yes,Electronic check,89.1,1620.8,No,Yes
0644-OQMDK,Male,1,No,No,4,Yes,No,Fiber optic,No,No,No,No,No,No,Month-to-month,Yes,Electronic check,70.65,293.85,No,Yes
0439-IFYUN,Female,1,No,No,18,Yes,No,Fiber optic,No,Yes,No,No,No,No,Month-to-month,Yes,Electronic check,74.7,1294.6,No,Yes
1932-UEDCX,Male,1,Yes,No,33,Yes,Yes,Fiber optic,No,Yes,No,No,Yes,Yes,Month-to-month,Yes,Bank transfer (automatic),100.6,3270.25,No,Yes
5331-RGMTT,Male,1,Yes,No,54,Yes,Yes,Fiber optic,No,No,Yes,No,Yes,Yes,Month-to-month,Yes,Credit card (automatic),99.05,5295.7,No,Yes
7823-JSOAG,Male,0,No,No,3,Yes,Yes,Fiber optic,No,No,No,No,No,No,Month-to-month,No,Electronic check,74.5,217.45,No,Yes
2985-FMWYF,Female,0,No,No,23,Yes,Yes,Fiber optic,No,No,No,No,Yes,Yes,Month-to-month,Yes,Electronic check,93.5,2341.55,No,Yes
3422-GALYP,Male,0,No,No,2,Yes,Yes,Fiber optic,No,Yes,No,No,No,No,Month-to-month,Yes,Electronic check,79.45,145.15,No,Yes
5442-BHQNG,Female,0,No,No,2,Yes,No,Fiber optic,No,No,No,No,No,No,Month-to-month,No,Electronic check,70.35,139.25,No,Yes
8873-GLDMH,Female,0,No,No,6,Yes,Yes,Fiber optic,No,No,No,No,No,No,Month-to-month,Yes,Mailed check,73.85,401.3,No,Yes
9921-QFQUL,Female,0,Yes,No,23,Yes,Yes,Fiber optic,No,No,Yes,No,No,Yes,Month-to-month,No,Mailed check,90.15,2044.95,No,Yes
3323-CPBWR,Male,0,No,No,23,Yes,Yes,Fiber optic,No,No,Yes,Yes,Yes,No,Month-to-month,Yes,Credit card (automatic),96.9,2085.45,No,Yes
3384-CTMSF,Male,0,Yes,No,47,Yes,Yes,Fiber optic,No,Yes,Yes,No,Yes,Yes,Month-to-month,Yes,Electronic check,104.1,5135.15,No,Yes
6048-QBXKL,Female,1,No,No,2,Yes,Yes,DSL,No,Yes,No,No,No,No,Month-to-month,Yes,Credit card (automatic),56.55,118.25,No,Yes
7718-RXDGG,Male,0,Yes,No,15,Yes,No,Fiber optic,No,No,No,No,No,No,Month-to-month,Yes,Bank transfer (automatic),68.6,1108.6,No,Yes
6856-RAURS,Female,0,No,No,2,Yes,Yes,Fiber optic,No,No,No,No,No,No,Month-to-month,Yes,Mailed check,74.9,136.05,No,Yes
2974-GGUXS,Female,1,Yes,No,36,Yes,Yes,Fiber optic,No,Yes,No,No,Yes,No,Month-to-month,Yes,Credit card (automatic),91.95,3301.05,No,Yes
5119-NZPTV,Male,1,Yes,No,2,Yes,No,Fiber optic,No,No,No,No,No,No,Month-to-month,No,Electronic check,70.1,141.65,No,Yes
2809-ZMYOQ,Female,0,No,No,32,Yes,Yes,Fiber optic,No,No,Yes,No,Yes,Yes,Month-to-month,Yes,Electronic check,101.35,3334.9,No,Yes
5339-PXDVH,Male,0,No,No,4,Yes,Yes,Fiber optic,Yes,No,No,No,Yes,No,Month-to-month,No,Electronic check,90.65,367.95,No,Yes
9529-OFXHY,Male,0,No,No,15,Yes,Yes,Fiber optic,Yes,No,No,No,Yes,No,Month-to-month,Yes,Bank transfer (automatic),87.75,1242.2,No,Yes
9494-MRNYX,Male,0,No,No,10,Yes,Yes,Fiber optic,No,No,No,No,No,No,Month-to-month,No,Electronic check,75.05,786.3,No,Yes
3644-QXEHN,Male,0,Yes,Yes,13,Yes,No,Fiber optic,No,No,Yes,No,Yes,Yes,Month-to-month,No,Electronic check,97.0,1334.45,No,Yes
1104-TNLZA,Male,1,Yes,No,28,Yes,Yes,Fiber optic,No,Yes,No,Yes,Yes,Yes,Month-to-month,Yes,Electronic check,105.8,2998,No,Yes
8709-KRDVL,Female,0,No,No,33,Yes,Yes,Fiber optic,No,Yes,No,No,Yes,Yes,Month-to-month,Yes,Electronic check,100.0,3320.6,No,Yes
6339-YPSAH,Male,0,No,No,9,Yes,No,Fiber optic,No,No,Yes,No,No,No,Month-to-month,Yes,Electronic check,73.8,704.3,No,Yes
6215-NQCPY,Male,0,No,No,15,Yes,Yes,Fiber optic,Yes,No,No,No,Yes,Yes,Month-to-month,Yes,Electronic check,99.7,1566.75,No,Yes
6969-MVBAI,Female,1,No,No,9,Yes,Yes,Fiber optic,No,No,Yes,No,Yes,No,Month-to-month,Yes,Electronic check,90.1,816.8,No,Yes
9696-RMYBA,Male,0,No,No,5,Yes,No,Fiber optic,No,No,No,No,Yes,No,Month-to-month,Yes,Mailed check,80.1,398.55,No,Yes
1226-IENZN,Male,1,No,No,16,Yes,No,Fiber optic,No,No,No,No,No,Yes,Month-to-month,Yes,Electronic check,78.75,1218.25,No,Yes
3411-WLRSQ,Female,1,Yes,No,3,Yes,No,Fiber optic,No,Yes,No,No,No,No,Month-to-month,Yes,Bank transfer (automatic),74.6,239.05,No,Yes
0674-EYYZV,Female,0,No,No,1,Yes,No,DSL,No,No,No,No,Yes,No,Month-to-month,Yes,Electronic check,54.65,54.65,No,Yes
3588-WSTTJ,Female,1,No,No,35,Yes,Yes,Fiber optic,Yes,No,No,No,Yes,Yes,Month-to-month,Yes,Electronic check,99.05,3554.6,No,Yes
4566-NECEV,Male,0,No,No,5,Yes,Yes,Fiber optic,No,Yes,Yes,No,No,Yes,Month-to-month,No,Electronic check,96.55,500.1,No,Yes
7315-WYOAW,Male,0,No,No,13,Yes,Yes,Fiber optic,No,No,No,Yes,Yes,Yes,Month-to-month,No,Electronic check,100.75,1313.25,No,Yes
1173-XZPYF,Female,0,No,No,11,Yes,Yes,Fiber optic,No,No,Yes,No,Yes,No,Month-to-month,Yes,Electronic check,89.2,990.3,No,Yes
0749-IRGQE,Female,1,Yes,No,13,No,No phone service,DSL,No,No,No,No,Yes,Yes,Month-to-month,No,Electronic check,45.3,528.45,No,Yes
5666-CYCYZ,Female,0,No,No,24,Yes,Yes,Fiber optic,No,No,No,Yes,No,Yes,Month-to-month,Yes,Electronic check,89.55,2259.35,No,Yes
1754-GKYPY,Male,1,Yes,No,22,Yes,No,Fiber optic,No,No,No,No,Yes,Yes,Month-to-month,Yes,Bank transfer (automatic),89.75,1938.9,No,Yes
3855-ONCAR,Female,0,Yes,Yes,4,Yes,No,Fiber optic,No,No,No,No,Yes,No,Month-to-month,Yes,Mailed check,78.9,299.75,No,Yes
7562-UXTPG,Female,0,No,No,13,Yes,No,Fiber optic,No,No,No,No,No,No,Month-to-month,Yes,Mailed check,70.15,886.7,No,Yes
5626-MGTUK,Female,0,No,No,20,Yes,Yes,Fiber optic,Yes,No,No,No,Yes,No,Month-to-month,Yes,Bank transfer (automatic),89.1,1879.25,No,Yes
8212-DJRCH,Male,0,Yes,Yes,5,Yes,No,Fiber optic,Yes,No,Yes,No,No,Yes,Month-to-month,Yes,Mailed check,90.35,434.5,No,Yes
5022-KVDQT,Male,0,No,No,27,Yes,Yes,Fiber optic,No,No,Yes,No,No,No,Month-to-month,Yes,Electronic check,81.3,2272.8,No,Yes
9129-UXERG,Female,1,No,No,18,Yes,Yes,Fiber optic,No,Yes,No,Yes,Yes,Yes,Month-to-month,Yes,Credit card (automatic),103.6,1806.35,No,Yes
6229-LSCKB,Male,1,No,No,6,Yes,No,Fiber optic,No,No,No,No,Yes,No,Month-to-month,Yes,Electronic check,79.7,497.6,No,Yes
6127-IYJOZ,Male,1,No,No,1,Yes,No,DSL,No,No,No,No,No,No,Month-to-month,Yes,Mailed check,45.85,45.85,No,Yes
5916-QEWPT,Female,0,Yes,No,2,Yes,No,DSL,No,No,Yes,No,Yes,Yes,Month-to-month,No,Credit card (automatic),69.0,147.8,No,Yes
3191-CSNMG,Female,0,Yes,Yes,3,Yes,No,Fiber optic,No,No,No,No,Yes,No,Month-to-month,Yes,Electronic check,80.7,239.45,No,Yes
7952-OBOYL,Male,0,No,No,3,Yes,No,Fiber optic,No,No,Yes,Yes,Yes,No,Month-to-month,Yes,Mailed check,89.85,244.45,No,Yes
2215-ZAFGX,Male,0,No,No,9,Yes,Yes,Fiber optic,No,No,No,No,Yes,No,Month-to-month,Yes,Electronic check,85.5,791.7,No,Yes
9398-MMQTO,Male,0,No,No,3,Yes,No,Fiber optic,No,Yes,No,No,No,No,Month-to-month,No,Credit card (automatic),74.45,221.1,No,Yes
4690-PKDQG,Female,1,Yes,No,42,Yes,Yes,Fiber optic,No,Yes,Yes,No,Yes,No,Month-to-month,Yes,Electronic check,95.55,3930.6,No,Yes
9547-ITEFG,Male,0,Yes,Yes,9,Yes,Yes,Fiber optic,No,Yes,Yes,No,Yes,Yes,Month-to-month,Yes,Credit card (automatic),102.6,897.75,No,Yes
0928-XUTSN,Female,0,No,No,13,Yes,No,Fiber optic,No,No,No,No,No,Yes,Month-to-month,Yes,Electronic check,80.5,1011.8,No,Yes
0666-UXTJO,Male,1,Yes,No,34,Yes,No,Fiber optic,No,No,Yes,No,Yes,No,Month-to-month,Yes,Credit card (automatic),85.2,2874.45,No,Yes
2823-LKABH,Female,0,No,No,18,Yes,Yes,Fiber optic,No,No,Yes,Yes,No,Yes,Month-to-month,Yes,Bank transfer (automatic),95.05,1679.4,No,Yes
2235-DWLJU,Female,1,No,No,6,No,No phone service,DSL,No,No,No,No,Yes,Yes,Month-to-month,Yes,Electronic check,44.4,263.05,No,Yes
8456-QDAVC,Male,0,No,No,19,Yes,No,Fiber optic,No,No,No,No,Yes,No,Month-to-month,Yes,Bank transfer (automatic),78.7,1495.1,No,Yes
